"TIPO_INSTITUCION","CARRERA","INSTITUCION","AREAS_CONOCIMIENTO","EMPLEABILIDAD_PRIMER_ANO","EMPLEABILIDAD_SEGUNDO_ANO","REGION_MAYOR_NUMERO_TITULADOS","N_MATRICULADOS_PRIMER_ANO","N_MATRICULADOS_TOTAL","ESTUDIANTES_MUNICIPALES","ESTUDIANTES_PARTICULAR_SUBVENCIONADO","ESTUDIANTES_PARTICULAR_PAGADO","PORCENTAJE_ESTUDIANTES_PSU","PROMEDIO_PSU","PROMEDIO_NEM","TASA_RETENCION_PRIMER_ANO","TASA_RETENCION_SEGUNDO_ANO","N_TITULADOS","DURACION_ESPERADA","DURACION_REAL","PROMEDIO_ARANCEL"
"Universidad Particular con Aporte del Estado","Agronomía","PONTIFICIA UNIVERSIDAD CATÓLICA DE CHILE","Agropecuaria","75,1%","87,9%","RM. Región Metropolitana",255,1.551,"15,2%","25,4%","59,5%","> 80% a 100%",652,"6,2","91,70%","79,40%",169,10,"13,8",3.703.000
"Universidad Particular con Aporte del Estado","Agronomía","PONTIFICIA UNIVERSIDAD CATÓLICA DE VALPARAÍSO","Agropecuaria","79,9%","88,6%","V. Valparaíso",111,547,"14,4%","47,6%","38,0%","> 80% a 100%",611,6,"81,20%","68,40%",83,10,"16,4",3.076.000
"Universidad Particular con Aporte del Estado","Agronomía","UNIVERSIDAD AUSTRAL DE CHILE","Agropecuaria","84,4%","95,9%","XIV. Los Ríos",98,480,"33,2%","45,9%","21,0%","> 80% a 100%",561,"5,8","76,90%","65,30%",65,10,"20,4",2.870.000
"Universidad Particular con Aporte del Estado","Agronomía","UNIVERSIDAD CATÓLICA DE TEMUCO","Agropecuaria","73,9%","86,4%","IX. La Araucanía",54,306,"37,9%","55,8%","6,3%","> 80% a 100%",515,"5,4","No Disponible","No Disponible",69,10,"14,9",2.314.000
"Universidad Estatal","Agronomía","UNIVERSIDAD DE CHILE","Agropecuaria","81,1%","92,2%","RM. Región Metropolitana",154,913,"37,3%","45,1%","17,6%","> 80% a 100%",638,6,"78,00%","66,70%",99,10,"18,4",2.998.660
"Universidad Particular con Aporte del Estado","Agronomía","UNIVERSIDAD DE CONCEPCIÓN","Agropecuaria","81,3%","83,8%","VIII. Bío Bío",99,496,"21,9%","69,8%","8,3%","> 80% a 100%",556,"5,7","90,20%","80,30%",43,11,"18,4",2.460.300
"Universidad Estatal","Agronomía","UNIVERSIDAD DE LA FRONTERA","Agropecuaria","67,5%","82,9%","IX. La Araucanía",58,264,"43,6%","49,8%","6,6%","> 80% a 100%",564,"5,6","85,00%","63,40%",47,10,"15,1",2.172.000
"Universidad Privada","Agronomía","UNIVERSIDAD DE LAS AMÉRICAS","Agropecuaria","66,1%","65,5%","RM. Región Metropolitana",15,172,"17,9%","70,8%","11,3%","> 80% a 100%",515,"5,6","No Disponible","No Disponible",47,11,16,2.914.657
"Universidad Estatal","Agronomía","UNIVERSIDAD DE TALCA","Agropecuaria","82,1%","87,3%","VII. Maule",75,512,"42,2%","45,5%","12,3%","> 80% a 100%",582,"6,1","87,50%","77,30%",65,10,15,2.353.600
"Universidad Particular con Aporte del Estado","Arquitectura","PONTIFICIA UNIVERSIDAD CATÓLICA DE CHILE","Arte y Arquitectura","91,8%","93,3%","RM. Región Metropolitana",114,859,"4,9%","12,0%","83,1%","> 80% a 100%",729,"6,5","96,90%","92,20%",111,12,"17,1",4.153.000
"Universidad Particular con Aporte del Estado","Arquitectura","PONTIFICIA UNIVERSIDAD CATÓLICA DE VALPARAÍSO","Arte y Arquitectura","72,9%","76,7%","V. Valparaíso",79,361,"8,2%","35,6%","56,2%","> 80% a 100%",658,"6,2","69,70%","65,20%",27,12,"15,8",3.076.000
"Universidad Privada","Arquitectura","UNIVERSIDAD CENTRAL DE CHILE","Arte y Arquitectura","87,1%","93,9%","RM. Región Metropolitana",94,552,"16,3%","51,0%","32,7%","> 60% a 80%",583,"5,7","64,90%","47,70%",54,12,19,3.550.000
"Universidad Estatal","Arquitectura","UNIVERSIDAD DE CHILE","Arte y Arquitectura","89,9%","90,5%","RM. Región Metropolitana",224,1.048,"19,2%","33,9%","46,9%","> 80% a 100%",672,"6,3","74,00%","60,20%",112,12,"14,9",2.738.660
"Universidad Particular con Aporte del Estado","Arquitectura","UNIVERSIDAD DE CONCEPCIÓN","Arte y Arquitectura","74,1%","75,0%","VIII. Bío Bío",82,467,"29,0%","54,1%","16,9%","> 80% a 100%",603,6,"79,30%","65,00%",42,12,"19,5",2.526.000
"Universidad Estatal","Arquitectura","UNIVERSIDAD DE SANTIAGO DE CHILE","Arte y Arquitectura","63,0%","83,8%","RM. Región Metropolitana",66,386,"20,3%","67,4%","12,4%","> 80% a 100%",617,"6,2","83,10%","81,40%",50,12,"14,4",2.750.900
"Universidad Estatal","Arquitectura","UNIVERSIDAD DE VALPARAÍSO","Arte y Arquitectura","86,2%","s/i","V. Valparaíso",83,333,"21,8%","56,0%","22,2%","> 80% a 100%",598,6,"No Disponible","No Disponible",32,12,"18,4",2.743.000
"Universidad Estatal","Arquitectura","UNIVERSIDAD DEL BÍO-BÍO","Arte y Arquitectura","84,0%","89,1%","VIII. Bío Bío",92,530,"27,4%","53,0%","19,6%","> 80% a 100%",608,6,"80,90%","72,00%",135,12,"17,2",2.400.000
"Universidad Privada","Arquitectura","UNIVERSIDAD DEL DESARROLLO","Arte y Arquitectura","76,6%","84,3%","RM. Región Metropolitana",156,708,"2,3%","10,1%","87,6%","> 80% a 100%",617,"5,8","87,20%","74,40%",111,12,"16,5",4.035.000
"Universidad Privada","Arquitectura","UNIVERSIDAD FINIS TERRAE","Arte y Arquitectura","80,0%","86,4%","RM. Región Metropolitana",81,352,"2,6%","12,1%","85,3%","> 80% a 100%",600,"5,7","No Disponible","No Disponible",48,12,15,3.870.500
"Universidad Privada","Arquitectura","UNIVERSIDAD NACIONAL ANDRÉS BELLO","Arte y Arquitectura","66,1%","83,7%","RM. Región Metropolitana",132,608,"14,5%","50,4%","35,1%","> 60% a 80%",539,"5,6","68,50%","54,00%",102,12,17,3.315.350
"Universidad Particular con Aporte del Estado","Arquitectura","UNIVERSIDAD TÉCNICA FEDERICO SANTA MARÍA","Arte y Arquitectura","87,0%","88,0%","V. Valparaíso",57,278,"14,0%","55,5%","30,5%","> 80% a 100%",631,"6,1","No Disponible","No Disponible",43,10,"16,5",3.066.000
"Instituto Profesional","Contador Auditor","IP DE CHILE","Administración y Comercio","95,7%","96,2%","RM. Región Metropolitana",134,353,"29,8%","70,2%","0,0%","> 20% a 40%",445,"5,6","49,50%","38,00%",46,9,12,1.080.912
"Instituto Profesional","Contador Auditor","IP DIEGO PORTALES","Administración y Comercio","77,7%","77,5%","VIII. Bío Bío",131,303,"39,4%","58,6%","2,0%","s/i",397,"5,4","49,50%","25,90%",74,8,11,691.567
"Instituto Profesional","Contador Auditor","IP DUOC UC","Administración y Comercio","89,9%","94,3%","RM. Región Metropolitana",370,1.313,"29,0%","68,9%","2,1%","> 40% a 60%",480,"5,6","77,90%","67,50%",131,8,"11,1",1.526.000
"Instituto Profesional","Contador Auditor","IP ESCUELA DE CONTADORES AUDITORES DE SANTIAGO","Administración y Comercio","96,8%","97,3%","RM. Región Metropolitana",335,1.318,"13,0%","86,7%","0,3%","> 40% a 60%",476,"5,5","52,00%","39,80%",53,10,"14,4",1.357.750
"Instituto Profesional","Contador Auditor","IP ESUCOMEX","Administración y Comercio","93,3%","86,8%","RM. Región Metropolitana",36,197,"21,3%","78,7%","0,0%","s/i",326,"5,2","No Disponible","No Disponible",43,9,"9,1",830.000
"Instituto Profesional","Contador Auditor","IP INACAP","Administración y Comercio","86,9%","84,8%","RM. Región Metropolitana",4,768,"53,4%","45,9%","0,7%","s/i","s/i","5,7","68,00%","33,30%",139,8,"10,9",1.463.628
"Instituto Profesional","Contador Auditor","IP LA ARAUCANA","Administración y Comercio","95,7%","93,1%","RM. Región Metropolitana",268,1.129,"43,9%","56,0%","0,2%","s/i",461,"5,6","71,70%","46,70%",153,9,11,990.471
"Universidad Particular con Aporte del Estado","Contador Auditor","PONTIFICIA UNIVERSIDAD CATÓLICA DE VALPARAÍSO","Administración y Comercio","97,8%","100,0%","V. Valparaíso",84,396,"39,9%","52,8%","7,3%","> 80% a 100%",595,"6,1","87,40%","76,00%",30,11,16,2.324.000
"Universidad Estatal","Contador Auditor","UNIVERSIDAD ARTURO PRAT","Administración y Comercio","86,4%","90,2%","I. Tarapacá",32,248,"49,7%","49,7%","0,6%","> 80% a 100%",530,"5,7","No Disponible","No Disponible",49,11,"14,4",1.097.629
"Universidad Particular con Aporte del Estado","Contador Auditor","UNIVERSIDAD AUSTRAL DE CHILE","Administración y Comercio","90,5%","92,6%","XIV. Los Ríos",44,189,"71,6%","26,7%","1,7%","> 80% a 100%",551,"5,8","No Disponible","No Disponible",15,"s/i","s/i",2.070.000
"Universidad Particular con Aporte del Estado","Contador Auditor","UNIVERSIDAD CATÓLICA DE LA SANTÍSIMA CONCEPCIÓN","Administración y Comercio","87,3%","94,8%","VIII. Bío Bío",94,430,"52,0%","47,1%","0,9%","> 80% a 100%",531,"5,7","79,80%","75,70%",14,"s/i","s/i",1.915.000
"Universidad Particular con Aporte del Estado","Contador Auditor","UNIVERSIDAD CATÓLICA DEL MAULE","Administración y Comercio","90,5%","89,2%","VII. Maule",57,246,"54,2%","45,8%","0,0%","s/i","s/i","s/i","No Disponible","No Disponible",29,"s/i","s/i","s/i"
"Universidad Particular con Aporte del Estado","Contador Auditor","UNIVERSIDAD CATÓLICA DEL NORTE","Administración y Comercio","94,7%","96,6%","II. Antofagasta",94,254,"58,7%","30,6%","10,6%","> 80% a 100%",529,"5,8","71,30%","47,60%",20,10,"14,7",2.397.850
"Universidad Privada","Contador Auditor","UNIVERSIDAD CATÓLICA SILVA HENRÍQUEZ","Administración y Comercio","100,0%","100,0%","RM. Región Metropolitana",14,85,"38,5%","61,5%","0,0%","> 20% a 40%",512,"5,7","No Disponible","No Disponible",30,"s/i","s/i",2.015.200
"Universidad Privada","Contador Auditor","UNIVERSIDAD DE ACONCAGUA","Administración y Comercio","89,1%","90,2%","V. Valparaíso",7,32,"s/i","s/i","s/i","s/i","s/i","s/i","No Disponible","No Disponible",46,"s/i","s/i",1.280.000
"Universidad Particular con Aporte del Estado","Contador Auditor","UNIVERSIDAD DE CONCEPCIÓN","Administración y Comercio","88,9%","91,8%","VIII. Bío Bío",161,650,"54,8%","43,1%","2,0%","> 80% a 100%",545,"5,8","83,00%","72,60%",99,9,"12,4",1.746.400
"Universidad Estatal","Contador Auditor","UNIVERSIDAD DE LA FRONTERA","Administración y Comercio","94,7%","93,5%","IX. La Araucanía",55,245,"40,8%","56,9%","2,3%","> 80% a 100%",560,"5,9","94,60%","71,00%",74,9,"13,9",1.787.000
"Universidad Privada","Contador Auditor","UNIVERSIDAD DE LAS AMÉRICAS","Administración y Comercio","91,2%","92,4%","RM. Región Metropolitana",230,809,"22,3%","76,5%","1,2%","> 20% a 40%",486,"5,6","66,90%","46,00%",88,9,"11,3",1.634.082
"Universidad Estatal","Contador Auditor","UNIVERSIDAD DE LOS LAGOS","Administración y Comercio","92,2%","100,0%","X. Los Lagos",67,386,"80,4%","19,1%","0,5%","> 80% a 100%",536,"5,7","No Disponible","No Disponible",95,10,"17,1",792.000
"Universidad Estatal","Contador Auditor","UNIVERSIDAD DE SANTIAGO DE CHILE","Administración y Comercio","98,2%","96,9%","RM. Región Metropolitana",143,742,"30,7%","65,4%","3,9%","> 80% a 100%",621,"6,3","95,00%","89,30%",104,10,"13,9",2.356.700
"Universidad Estatal","Contador Auditor","UNIVERSIDAD DE TALCA","Administración y Comercio","92,7%","90,7%","VII. Maule",78,439,"66,5%","32,3%","1,2%","> 80% a 100%",571,"6,1","94,30%","81,70%",43,8,"14,1",2.217.100
"Universidad Estatal","Contador Auditor","UNIVERSIDAD DE TARAPACÁ","Administración y Comercio","77,4%","70,8%","XV. Arica y Parinacota",59,249,"68,2%","31,2%","0,6%","> 60% a 80%",529,6,"No Disponible","No Disponible",40,9,"14,5",1.817.000
"Universidad Estatal","Contador Auditor","UNIVERSIDAD DE VALPARAÍSO","Administración y Comercio","94,1%","95,6%","V. Valparaíso",161,808,"40,7%","55,8%","3,5%","> 80% a 100%",572,"5,8","90,00%","75,20%",80,10,16,1.823.000
"Universidad Estatal","Contador Auditor","UNIVERSIDAD DEL BÍO-BÍO","Administración y Comercio","88,7%","85,0%","VIII. Bío Bío",117,588,"41,8%","57,8%","0,4%","> 80% a 100%",532,6,"88,80%","75,20%",132,10,"13,1",1.757.600
"Universidad Privada","Contador Auditor","UNIVERSIDAD DIEGO PORTALES","Administración y Comercio","97,8%","97,8%","RM. Región Metropolitana",125,691,"19,0%","74,5%","6,6%","> 40% a 60%",539,"5,6","77,10%","64,80%",103,8,"12,5",2.425.262
"Universidad Privada","Contador Auditor","UNIVERSIDAD IBEROAMERICANA DE CIENCIAS Y TECNOLOGÍA, UNICYT","Administración y Comercio","92,5%","100,0%","RM. Región Metropolitana",13,104,"30,6%","69,4%","0,0%","s/i","s/i","5,7","No Disponible","No Disponible",27,9,"10,7",1.370.000
"Universidad Privada","Contador Auditor","UNIVERSIDAD NACIONAL ANDRÉS BELLO","Administración y Comercio","94,0%","96,6%","RM. Región Metropolitana",380,1.111,"24,1%","70,7%","5,1%","> 60% a 80%",520,"5,6","72,20%","61,70%",94,8,"12,4",2.105.183
"Universidad Privada","Contador Auditor","UNIVERSIDAD SANTO TOMÁS","Administración y Comercio","93,3%","91,3%","RM. Región Metropolitana",119,366,"22,6%","77,4%","0,0%","> 40% a 60%",526,"5,6","75,00%","52,20%",21,8,"11,6",1.640.667
"Universidad Estatal","Contador Auditor","UNIVERSIDAD TECNOLÓGICA METROPOLITANA","Administración y Comercio","96,0%","96,9%","RM. Región Metropolitana",82,545,"25,9%","72,4%","1,7%","> 80% a 100%",563,"5,8","81,60%","63,10%",104,9,"14,2",2.061.660
"Universidad Particular con Aporte del Estado","Derecho","PONTIFICIA UNIVERSIDAD CATÓLICA DE CHILE","Derecho","94,4%","95,9%","RM. Región Metropolitana",266,1.761,"6,5%","12,9%","80,5%","> 80% a 100%",718,"6,5","95,70%","93,40%",315,10,"16,5",3.803.000
"Universidad Particular con Aporte del Estado","Derecho","PONTIFICIA UNIVERSIDAD CATÓLICA DE VALPARAÍSO","Derecho","87,3%","100,0%","V. Valparaíso",202,681,"14,8%","49,3%","35,9%","> 80% a 100%",653,"6,3","60,30%","54,20%",44,11,"21,2",3.076.000
"Universidad Particular con Aporte del Estado","Derecho","UNIVERSIDAD AUSTRAL DE CHILE","Derecho","80,9%","94,2%","XIV. Los Ríos",86,428,"39,4%","47,3%","13,2%","> 80% a 100%",622,6,"71,50%","67,90%",35,10,"16,9",2.600.000
"Universidad Privada","Derecho","UNIVERSIDAD BERNARDO O'HIGGINS","Derecho","78,4%","87,5%","RM. Región Metropolitana",164,689,"26,1%","68,1%","5,9%","> 20% a 40%",503,"5,5","72,90%","59,30%",42,11,"17,9",2.055.000
"Universidad Particular con Aporte del Estado","Derecho","UNIVERSIDAD CATÓLICA DE LA SANTÍSIMA CONCEPCIÓN","Derecho","s/i","s/i","VIII. Bío Bío",117,720,"34,2%","51,3%","14,5%","> 80% a 100%",602,"6,1","85,20%","77,70%",42,12,"18,7",2.385.000
"Universidad Particular con Aporte del Estado","Derecho","UNIVERSIDAD CATÓLICA DE TEMUCO","Derecho","s/i","s/i","IX. La Araucanía",140,585,"33,8%","61,6%","4,7%","> 80% a 100%",586,6,"85,10%","81,60%",39,10,"15,1",2.750.000
"Universidad Particular con Aporte del Estado","Derecho","UNIVERSIDAD CATÓLICA DEL NORTE","Derecho","80,3%","86,5%","IV. Coquimbo",190,915,"19,1%","62,6%","18,3%","> 80% a 100%",615,"6,2","83,00%","70,80%",102,10,"18,1",2.668.450
"Universidad Privada","Derecho","UNIVERSIDAD CENTRAL DE CHILE","Derecho","74,3%","86,4%","RM. Región Metropolitana",503,2.598,"22,7%","60,0%","17,3%","> 60% a 80%",560,"5,7","69,70%","50,70%",131,12,"19,5",2.463.333
"Universidad Estatal","Derecho","UNIVERSIDAD DE CHILE","Derecho","94,7%","96,4%","RM. Región Metropolitana",404,2.795,"22,9%","29,1%","48,0%","> 80% a 100%",704,"6,4","93,60%","91,80%",218,10,"18,8",3.123.660
"Universidad Particular con Aporte del Estado","Derecho","UNIVERSIDAD DE CONCEPCIÓN","Derecho","82,0%","88,7%","VIII. Bío Bío",230,1.152,"25,7%","52,9%","21,4%","> 80% a 100%",643,"6,3","85,80%","78,50%",67,11,"20,6",2.752.700
"Universidad Estatal","Derecho","UNIVERSIDAD DE TALCA","Derecho","s/i","s/i","VII. Maule",105,861,"45,2%","45,0%","9,8%","> 80% a 100%",614,"6,3","97,50%","94,00%",62,11,"17,1",2.490.600
"Universidad Estatal","Derecho","UNIVERSIDAD DE VALPARAÍSO","Derecho","84,5%","94,7%","V. Valparaíso",125,643,"21,0%","55,3%","23,7%","> 80% a 100%",633,"6,1","94,70%","81,70%",31,10,"19,2",2.333.000
"Universidad Privada","Derecho","UNIVERSIDAD DEL DESARROLLO","Derecho","s/i","s/i","RM. Región Metropolitana",141,783,"5,5%","23,2%","71,3%","> 80% a 100%",600,"5,8","81,60%","64,60%",78,10,"18,9",3.780.000
"Universidad Privada","Derecho","UNIVERSIDAD DIEGO PORTALES","Derecho","80,1%","91,9%","RM. Región Metropolitana",190,1.005,"13,5%","20,0%","66,4%","> 80% a 100%",662,6,"92,00%","74,80%",112,10,"16,7",3.800.000
"Universidad Privada","Derecho","UNIVERSIDAD NACIONAL ANDRÉS BELLO","Derecho","73,6%","87,5%","RM. Región Metropolitana",592,2.249,"20,7%","54,2%","25,1%","> 60% a 80%",559,"5,7","82,80%","70,30%",65,10,17,3.107.000
"Universidad Particular con Aporte del Estado","Diseño","PONTIFICIA UNIVERSIDAD CATÓLICA DE CHILE","Arte y Arquitectura","77,7%","79,1%","RM. Región Metropolitana",121,647,"4,7%","9,6%","85,7%","> 80% a 100%",703,"6,4","93,40%","89,20%",54,10,"11,7",3.703.000
"Universidad Privada","Diseño","UNIVERSIDAD DIEGO PORTALES","Arte y Arquitectura","74,8%","80,0%","RM. Región Metropolitana",143,715,"3,6%","20,2%","76,1%","> 80% a 100%",600,"5,8","88,20%","73,80%",101,10,"13,4",3.700.000
"Universidad Privada","Diseño","UNIVERSIDAD FINIS TERRAE","Arte y Arquitectura","84,8%","96,6%","RM. Región Metropolitana",38,133,"1,6%","7,3%","91,1%","> 60% a 80%",572,"5,7","No Disponible","No Disponible",23,10,"12,5",3.870.500
"Instituto Profesional","Diseño Gráfico","IP DUOC UC","Arte y Arquitectura","54,7%","64,7%","RM. Región Metropolitana",551,2.592,"22,5%","63,6%","13,9%","> 60% a 80%",491,"5,4","75,50%","64,50%",125,8,"11,4",1.721.714
"Instituto Profesional","Diseño Gráfico","IP INACAP","Arte y Arquitectura","52,1%","59,6%","RM. Región Metropolitana",641,1.724,"34,3%","58,9%","6,8%","> 40% a 60%",470,"5,4","65,60%","50,80%",81,8,"11,9",1.607.913
"Instituto Profesional","Diseño Gráfico","IP LOS LEONES","Arte y Arquitectura","51,2%","53,7%","RM. Región Metropolitana",587,1.543,"32,5%","66,0%","1,5%","> 20% a 40%",437,"5,2","50,00%","40,60%",268,7,"8,8",986.000
"Universidad Particular con Aporte del Estado","Enfermería","PONTIFICIA UNIVERSIDAD CATÓLICA DE CHILE","Salud","99,5%","94,3%","RM. Región Metropolitana",112,562,"23,5%","44,2%","32,3%","> 80% a 100%",688,"6,6","91,40%","88,50%",101,10,11,3.453.000
"Universidad Estatal","Enfermería","UNIVERSIDAD ARTURO PRAT","Salud","95,9%","100,0%","I. Tarapacá",107,679,"46,3%","53,4%","0,3%","> 80% a 100%",562,"6,2","84,80%","77,10%",50,14,"16,1",1.854.500
"Universidad Particular con Aporte del Estado","Enfermería","UNIVERSIDAD AUSTRAL DE CHILE","Salud","99,1%","97,8%","XIV. Los Ríos",66,326,"46,8%","45,2%","8,0%","> 80% a 100%",646,"6,3","91,10%","89,30%",72,10,14,2.600.000
"Universidad Particular con Aporte del Estado","Enfermería","UNIVERSIDAD CATÓLICA DE LA SANTÍSIMA CONCEPCIÓN","Salud","100,0%","98,1%","VIII. Bío Bío",73,390,"56,4%","41,5%","2,1%","> 80% a 100%",625,"6,4","100,00%","97,70%",68,10,"10,8",2.615.000
"Universidad Particular con Aporte del Estado","Enfermería","UNIVERSIDAD CATÓLICA DEL MAULE","Salud","97,1%","100,0%","VII. Maule",121,445,"48,0%","43,6%","8,4%","> 80% a 100%",641,"6,3","95,90%","91,80%",110,11,"13,4",2.525.000
"Universidad Estatal","Enfermería","UNIVERSIDAD DE ANTOFAGASTA","Salud","100,0%","100,0%","II. Antofagasta",50,355,"33,7%","56,0%","10,2%","> 80% a 100%",602,"6,3","92,20%","88,20%",43,10,"13,3",2.529.000
"Universidad Estatal","Enfermería","UNIVERSIDAD DE CHILE","Salud","100,0%","100,0%","RM. Región Metropolitana",109,488,"39,9%","42,0%","18,1%","> 80% a 100%",694,"6,4","95,70%","93,50%",78,10,"11,7",2.725.660
"Universidad Particular con Aporte del Estado","Enfermería","UNIVERSIDAD DE CONCEPCIÓN","Salud","98,9%","100,0%","VIII. Bío Bío",110,520,"43,1%","48,1%","8,9%","> 80% a 100%",660,"6,5","No Disponible","No Disponible",93,10,"10,6",2.178.900
"Universidad Estatal","Enfermería","UNIVERSIDAD DE LA FRONTERA","Salud","100,0%","100,0%","IX. La Araucanía",72,333,"38,7%","59,9%","1,3%","> 80% a 100%",649,"6,5","92,80%","89,90%",41,10,"11,2",2.238.000
"Universidad Privada","Enfermería","UNIVERSIDAD DE LOS ANDES","Salud","98,9%","97,7%","RM. Región Metropolitana",83,374,"10,8%","31,6%","57,6%","> 80% a 100%",646,"6,2","83,80%","81,30%",63,11,"12,3",3.376.521
"Universidad Estatal","Enfermería","UNIVERSIDAD DE MAGALLANES","Salud","98,4%","96,9%","XII. Magallanes",99,440,"44,5%","49,9%","5,6%","> 80% a 100%",556,"6,1","87,90%","83,90%",38,10,"12,6",2.587.000
"Universidad Estatal","Enfermería","UNIVERSIDAD DE SANTIAGO DE CHILE","Salud","99,0%","100,0%","RM. Región Metropolitana",76,379,"35,3%","54,0%","10,7%","> 80% a 100%",661,"6,3","98,50%","93,90%",73,10,"12,4",2.277.300
"Universidad Estatal","Enfermería","UNIVERSIDAD DE TARAPACÁ","Salud","100,0%","100,0%","XV. Arica y Parinacota",54,320,"49,6%","47,3%","3,1%","> 80% a 100%",573,"6,3","82,70%","75,00%",39,10,"16,5",1.907.000
"Universidad Estatal","Enfermería","UNIVERSIDAD DE VALPARAÍSO","Salud","99,3%","98,8%","V. Valparaíso",106,619,"22,0%","68,3%","9,7%","> 80% a 100%",645,"6,5","91,80%","91,80%",66,10,"12,7",2.183.000
"Universidad Estatal","Enfermería","UNIVERSIDAD DEL BÍO-BÍO","Salud","100,0%","100,0%","VIII. Bío Bío",69,345,"34,3%","64,2%","1,5%","> 80% a 100%",624,"6,5","98,40%","98,40%",84,10,"11,4",2.217.000
"Universidad Privada","Enfermería","UNIVERSIDAD NACIONAL ANDRÉS BELLO","Salud","80,3%","97,8%","RM. Región Metropolitana",436,1.795,"20,8%","63,5%","15,8%","> 80% a 100%",602,"5,9","88,40%","75,40%",154,10,"13,3",3.047.817
"Universidad Particular con Aporte del Estado","Ingeniería Civil Electrónica","PONTIFICIA UNIVERSIDAD CATÓLICA DE VALPARAÍSO","Tecnología","96,2%","87,9%","V. Valparaíso",84,357,"13,4%","71,1%","15,5%","> 80% a 100%",611,6,"79,80%","57,00%",19,13,17,2.704.000
"Universidad Particular con Aporte del Estado","Ingeniería Civil Electrónica","UNIVERSIDAD DE CONCEPCIÓN","Tecnología","84,8%","87,5%","VIII. Bío Bío",50,277,"22,0%","53,5%","24,5%","> 80% a 100%",664,"6,4","No Disponible","No Disponible",50,12,"16,8",2.802.000
"Universidad Particular con Aporte del Estado","Ingeniería Civil Electrónica","UNIVERSIDAD TÉCNICA FEDERICO SANTA MARÍA","Tecnología","95,6%","96,3%","V. Valparaíso",75,592,"15,5%","48,5%","35,9%","> 80% a 100%",687,"6,3","91,40%","71,10%",57,12,"18,3",3.066.000
"Universidad Particular con Aporte del Estado","Ingeniería Civil en Computación e Informática","UNIVERSIDAD AUSTRAL DE CHILE","Tecnología","93,3%","96,9%","XIV. Los Ríos",69,334,"48,4%","41,5%","10,1%","> 80% a 100%",582,"5,9","79,20%","50,80%",28,10,"18,8",2.600.000
"Universidad Estatal","Ingeniería Civil en Computación e Informática","UNIVERSIDAD DE CHILE","Tecnología","96,5%","95,7%","RM. Región Metropolitana",38,164,"34,7%","22,6%","42,7%","s/i","s/i","6,5","No Disponible","No Disponible",22,12,"17,2",3.793.660
"Universidad Particular con Aporte del Estado","Ingeniería Civil en Computación e Informática","UNIVERSIDAD DE CONCEPCIÓN","Tecnología","94,0%","100,0%","VIII. Bío Bío",58,243,"30,5%","50,5%","18,9%","> 80% a 100%",649,"6,2","50,80%","46,10%",25,12,"17,6",2.802.000
"Universidad Estatal","Ingeniería Civil en Computación e Informática","UNIVERSIDAD DE SANTIAGO DE CHILE","Tecnología","93,5%","100,0%","RM. Región Metropolitana",101,484,"35,6%","52,3%","12,1%","> 80% a 100%",655,"6,2","80,80%","66,30%",34,12,"17,1",3.037.350
"Universidad Estatal","Ingeniería Civil en Computación e Informática","UNIVERSIDAD DEL BÍO-BÍO","Tecnología","90,7%","94,4%","VIII. Bío Bío",151,591,"37,9%","59,8%","2,3%","> 80% a 100%",581,"6,1","76,60%","56,40%",80,12,"16,2",2.217.000
"Universidad Particular con Aporte del Estado","Ingeniería Civil Industrial","PONTIFICIA UNIVERSIDAD CATÓLICA DE VALPARAÍSO","Tecnología","99,2%","96,8%","V. Valparaíso",171,718,"9,5%","47,5%","42,9%","> 80% a 100%",664,"6,4","76,40%","66,70%",88,13,"16,1",3.076.000
"Universidad Privada","Ingeniería Civil Industrial","UNIVERSIDAD ADOLFO IBAÑEZ","Tecnología","98,1%","100,0%","V. Valparaíso",367,1.425,"3,3%","11,2%","85,5%","> 80% a 100%",659,"6,1","73,00%","59,60%",104,14,"14,7",3.969.000
"Universidad Estatal","Ingeniería Civil Industrial","UNIVERSIDAD ARTURO PRAT","Tecnología","93,1%","100,0%","I. Tarapacá",138,609,"29,7%","69,8%","0,5%","> 80% a 100%",565,6,"72,40%","57,50%",67,15,"19,2",1.921.680
"Universidad Particular con Aporte del Estado","Ingeniería Civil Industrial","UNIVERSIDAD CATÓLICA DE LA SANTÍSIMA CONCEPCIÓN","Tecnología","85,4%","93,0%","VIII. Bío Bío",133,646,"34,6%","57,7%","7,8%","> 80% a 100%",586,6,"79,90%","63,00%",59,14,"18,5",2.315.000
"Universidad Estatal","Ingeniería Civil Industrial","UNIVERSIDAD DE ANTOFAGASTA","Tecnología","97,5%","100,0%","II. Antofagasta",110,1.075,"46,1%","42,6%","11,3%","s/i","s/i","s/i","77,50%","59,50%",94,12,"19,1",2.471.000
"Universidad Estatal","Ingeniería Civil Industrial","UNIVERSIDAD DE CHILE","Tecnología","98,9%","99,2%","RM. Región Metropolitana",178,588,"26,3%","18,4%","55,3%","s/i","s/i","6,5","No Disponible","No Disponible",155,12,"15,8",3.793.660
"Universidad Particular con Aporte del Estado","Ingeniería Civil Industrial","UNIVERSIDAD DE CONCEPCIÓN","Tecnología","93,2%","95,6%","VIII. Bío Bío",60,380,"19,1%","42,4%","38,5%","> 80% a 100%",699,"6,5","84,00%","78,60%",47,12,"15,9",2.802.000
"Universidad Estatal","Ingeniería Civil Industrial","UNIVERSIDAD DE LA FRONTERA","Tecnología","90,6%","97,9%","IX. La Araucanía",203,750,"25,6%","63,2%","11,2%","> 80% a 100%",620,6,"90,40%","73,80%",107,12,"14,7",2.192.000
"Universidad Privada","Ingeniería Civil Industrial","UNIVERSIDAD DE LAS AMÉRICAS","Tecnología","89,5%","97,3%","RM. Región Metropolitana",89,556,"32,9%","59,0%","8,1%","> 80% a 100%",523,"5,7","No Disponible","No Disponible",116,12,"15,3",2.462.339
"Universidad Privada","Ingeniería Civil Industrial","UNIVERSIDAD DE LOS ANDES","Tecnología","100,0%","100,0%","RM. Región Metropolitana","s/i",223,"1,5%","1,0%","97,5%","s/i","s/i","s/i","No Disponible","No Disponible",27,12,"15,6",4.133.151
"Universidad Estatal","Ingeniería Civil Industrial","UNIVERSIDAD DE SANTIAGO DE CHILE","Tecnología","87,8%","97,5%","RM. Región Metropolitana",167,871,"30,2%","49,7%","20,1%","> 80% a 100%",678,"6,2","88,00%","83,40%",145,12,15,3.037.350
"Universidad Estatal","Ingeniería Civil Industrial","UNIVERSIDAD DE TALCA","Tecnología","95,7%","93,2%","VII. Maule",77,427,"47,1%","42,5%","10,4%","> 80% a 100%",624,"6,4","87,90%","70,80%",50,12,"14,3",2.628.600
"Universidad Estatal","Ingeniería Civil Industrial","UNIVERSIDAD DEL BÍO-BÍO","Tecnología","89,7%","96,9%","VIII. Bío Bío",162,807,"41,1%","49,9%","9,0%","> 80% a 100%",617,"6,4","90,70%","80,40%",191,12,"16,6",2.217.000
"Universidad Privada","Ingeniería Civil Industrial","UNIVERSIDAD DEL DESARROLLO","Tecnología","93,8%","97,1%","VIII. Bío Bío",174,795,"4,0%","14,2%","81,8%","> 80% a 100%",640,6,"80,80%","71,60%",80,12,"15,8",3.951.000
"Universidad Privada","Ingeniería Civil Industrial","UNIVERSIDAD DIEGO PORTALES","Tecnología","91,1%","95,5%","RM. Región Metropolitana",214,1.088,"12,0%","33,8%","54,2%","> 80% a 100%",618,"5,7","88,70%","67,40%",159,12,"14,4",3.700.000
"Universidad Particular con Aporte del Estado","Ingeniería Civil Industrial","UNIVERSIDAD TÉCNICA FEDERICO SANTA MARÍA","Tecnología","94,5%","97,2%","RM. Región Metropolitana",417,2.262,"15,4%","32,9%","51,7%","> 80% a 100%",706,"6,4","No Disponible","No Disponible",224,12,"15,7",3.118.250
"Universidad Estatal","Ingeniería Civil Mecánica","UNIVERSIDAD DE CHILE","Tecnología","97,2%","100,0%","RM. Región Metropolitana",55,152,"27,1%","24,0%","48,8%","s/i","s/i","6,5","No Disponible","No Disponible",32,12,"15,7",3.793.660
"Universidad Particular con Aporte del Estado","Ingeniería Civil Mecánica","UNIVERSIDAD DE CONCEPCIÓN","Tecnología","96,6%","100,0%","VIII. Bío Bío",56,324,"18,7%","41,0%","40,3%","> 80% a 100%",668,"6,3","72,60%","68,70%",31,12,"16,3",2.802.000
"Universidad Estatal","Ingeniería Civil Mecánica","UNIVERSIDAD DE SANTIAGO DE CHILE","Tecnología","90,7%","100,0%","RM. Región Metropolitana",110,537,"32,0%","45,6%","22,3%","> 80% a 100%",657,"6,1","81,40%","62,70%",69,12,"16,9",3.037.350
"Universidad Particular con Aporte del Estado","Ingeniería Civil Mecánica","UNIVERSIDAD TÉCNICA FEDERICO SANTA MARÍA","Tecnología","97,8%","100,0%","V. Valparaíso",122,689,"15,8%","45,1%","39,1%","> 80% a 100%",678,"6,2","83,60%","71,70%",34,12,"17,5",3.118.250
"Universidad Particular con Aporte del Estado","Ingeniería Civil","PONTIFICIA UNIVERSIDAD CATÓLICA DE CHILE","Tecnología","97,7%","98,0%","RM. Región Metropolitana",550,3.469,"8,6%","9,4%","82,0%","> 80% a 100%",764,"6,6","95,50%","93,40%",381,12,"15,2",4.633.000
"Universidad Estatal","Ingeniería Civil","UNIVERSIDAD DE CHILE","Tecnología","96,9%","97,8%","RM. Región Metropolitana",878,2.424,"26,5%","26,8%","46,7%","> 80% a 100%",744,"6,5","No Disponible","No Disponible",77,12,"15,9",3.793.660
"Universidad Particular con Aporte del Estado","Ingeniería Civil","UNIVERSIDAD DE CONCEPCIÓN","Tecnología","100,0%","96,2%","VIII. Bío Bío",205,601,"24,2%","46,7%","29,1%","> 80% a 100%",658,"6,3","95,50%","89,40%",51,12,16,2.802.000
"Universidad Estatal","Ingeniería Civil","UNIVERSIDAD DEL BÍO-BÍO","Tecnología","95,1%","96,8%","VIII. Bío Bío",88,457,"42,7%","50,4%","6,9%","> 80% a 100%",609,"6,4","85,20%","68,00%",72,12,"15,8",2.217.000
"Universidad Particular con Aporte del Estado","Ingeniería Civil","UNIVERSIDAD TÉCNICA FEDERICO SANTA MARÍA","Tecnología","100,0%","100,0%","V. Valparaíso",718,1.728,"19,1%","42,3%","38,6%","> 80% a 100%",674,"6,3","85,30%","72,10%",48,12,"20,9",3.118.250
"Universidad Particular con Aporte del Estado","Ingeniería Comercial","PONTIFICIA UNIVERSIDAD CATÓLICA DE CHILE","Ciencias Sociales","95,7%","97,3%","RM. Región Metropolitana",257,1.720,"1,7%","5,3%","93,0%","> 80% a 100%",758,"6,6","95,20%","91,20%",230,10,"12,9",4.313.000
"Universidad Particular con Aporte del Estado","Ingeniería Comercial","PONTIFICIA UNIVERSIDAD CATÓLICA DE VALPARAÍSO","Ciencias Sociales","96,5%","95,5%","V. Valparaíso",134,554,"19,0%","49,7%","31,3%","> 80% a 100%",647,"6,2","86,30%","81,50%",65,11,14,3.076.000
"Universidad Privada","Ingeniería Comercial","UNIVERSIDAD ADOLFO IBAÑEZ","Ciencias Sociales","95,8%","97,6%","RM. Región Metropolitana",773,3.330,"1,8%","7,6%","90,6%","> 80% a 100%",670,"6,1","80,60%","64,70%",317,10,"11,5",4.179.000
"Universidad Estatal","Ingeniería Comercial","UNIVERSIDAD ARTURO PRAT","Ciencias Sociales","91,8%","93,0%","RM. Región Metropolitana",214,836,"40,5%","56,7%","2,8%","> 80% a 100%",538,"5,7","No Disponible","No Disponible",176,14,19,1.959.000
"Universidad Particular con Aporte del Estado","Ingeniería Comercial","UNIVERSIDAD AUSTRAL DE CHILE","Ciencias Sociales","84,4%","95,8%","XIV. Los Ríos",186,644,"40,7%","44,5%","14,8%","> 80% a 100%",575,"5,8","78,80%","70,30%",49,10,"14,2",2.600.000
"Universidad Particular con Aporte del Estado","Ingeniería Comercial","UNIVERSIDAD CATÓLICA DE LA SANTÍSIMA CONCEPCIÓN","Ciencias Sociales","73,2%","88,6%","VIII. Bío Bío",116,529,"44,3%","49,5%","6,2%","> 80% a 100%",562,6,"88,90%","76,80%",43,11,15,2.255.000
"Universidad Particular con Aporte del Estado","Ingeniería Comercial","UNIVERSIDAD CATÓLICA DEL NORTE","Ciencias Sociales","88,7%","90,7%","II. Antofagasta",205,806,"30,2%","50,9%","19,0%","> 80% a 100%",580,6,"77,70%","63,10%",158,10,"14,5",2.668.450
"Universidad Privada","Ingeniería Comercial","UNIVERSIDAD CATÓLICA SILVA HENRÍQUEZ","Ciencias Sociales","94,1%","92,6%","RM. Región Metropolitana",75,263,"19,9%","78,9%","1,2%","> 40% a 60%",533,"5,7","74,60%","No Disponible",16,"s/i","s/i",2.015.200
"Universidad Privada","Ingeniería Comercial","UNIVERSIDAD CENTRAL DE CHILE","Ciencias Sociales","94,4%","94,7%","RM. Región Metropolitana",177,570,"14,9%","68,7%","16,4%","> 80% a 100%",554,"5,6","82,10%","64,20%",87,10,"13,7",3.250.000
"Universidad Estatal","Ingeniería Comercial","UNIVERSIDAD DE CHILE","Ciencias Sociales","96,9%","97,7%","RM. Región Metropolitana",358,1.493,"16,3%","21,4%","62,3%","> 80% a 100%",720,"6,4","92,40%","82,60%",210,10,"12,6",3.638.660
"Universidad Particular con Aporte del Estado","Ingeniería Comercial","UNIVERSIDAD DE CONCEPCIÓN","Ciencias Sociales","83,2%","91,2%","VIII. Bío Bío",251,911,"30,5%","52,5%","17,0%","> 80% a 100%",613,"6,1","80,70%","72,80%",60,10,13,2.802.000
"Universidad Estatal","Ingeniería Comercial","UNIVERSIDAD DE LA FRONTERA","Ciencias Sociales","82,2%","87,5%","IX. La Araucanía",74,331,"32,1%","59,4%","8,5%","> 80% a 100%",600,"6,1","78,60%","74,30%",70,10,"13,9",2.381.000
"Universidad Privada","Ingeniería Comercial","UNIVERSIDAD DE LAS AMÉRICAS","Ciencias Sociales","89,5%","88,6%","RM. Región Metropolitana",316,1.275,"31,0%","58,3%","10,8%","> 20% a 40%",504,"5,7","58,60%","39,10%",184,11,"12,2",2.303.458
"Universidad Privada","Ingeniería Comercial","UNIVERSIDAD DE LOS ANDES","Ciencias Sociales","90,2%","96,9%","RM. Región Metropolitana",145,877,"0,9%","2,2%","96,9%","> 80% a 100%",679,"6,3","90,80%","76,70%",76,12,"12,8",4.080.608
"Universidad Estatal","Ingeniería Comercial","UNIVERSIDAD DE SANTIAGO DE CHILE","Ciencias Sociales","91,7%","93,8%","RM. Región Metropolitana",229,882,"26,6%","60,3%","13,1%","> 80% a 100%",659,"6,3","88,60%","85,30%",169,10,"12,8",3.037.350
"Universidad Estatal","Ingeniería Comercial","UNIVERSIDAD DE TALCA","Ciencias Sociales","89,7%","92,9%","VII. Maule",112,577,"47,9%","40,0%","12,1%","> 80% a 100%",602,"6,3","81,40%","68,70%",90,10,"14,3",2.353.600
"Universidad Estatal","Ingeniería Comercial","UNIVERSIDAD DE TARAPACÁ","Ciencias Sociales","89,0%","92,2%","XV. Arica y Parinacota",56,301,"50,0%","38,2%","11,8%","> 80% a 100%",543,"6,1","67,80%","45,20%",221,10,"15,4",2.027.000
"Universidad Estatal","Ingeniería Comercial","UNIVERSIDAD DE VALPARAÍSO","Ciencias Sociales","91,4%","93,9%","V. Valparaíso",203,1.039,"25,7%","61,0%","13,3%","> 80% a 100%",602,6,"84,60%","73,70%",172,10,"13,8",2.128.000
"Universidad Privada","Ingeniería Comercial","UNIVERSIDAD DE VIÑA DEL MAR","Ciencias Sociales","82,0%","87,5%","V. Valparaíso",59,209,"12,4%","40,0%","47,6%","> 40% a 60%",528,"5,6","No Disponible","No Disponible",46,10,"15,3",2.940.000
"Universidad Estatal","Ingeniería Comercial","UNIVERSIDAD DEL BÍO-BÍO","Ciencias Sociales","80,6%","79,6%","VIII. Bío Bío",179,870,"41,9%","56,7%","1,4%","> 80% a 100%",570,"6,1","90,80%","84,40%",291,11,"13,3",2.217.000
"Universidad Privada","Ingeniería Comercial","UNIVERSIDAD DEL DESARROLLO","Ciencias Sociales","92,8%","94,0%","RM. Región Metropolitana",284,1.408,"2,1%","13,8%","84,0%","> 80% a 100%",636,"5,9","91,90%","77,30%",185,10,"12,7",3.951.000
"Universidad Privada","Ingeniería Comercial","UNIVERSIDAD DEL MAR","Ciencias Sociales","88,4%","91,7%","IV. Coquimbo",136,517,"41,0%","50,0%","9,0%","> 20% a 40%",467,"5,5","51,00%","34,30%",109,10,12,2.140.979
"Universidad Privada","Ingeniería Comercial","UNIVERSIDAD DIEGO PORTALES","Ciencias Sociales","90,2%","93,7%","RM. Región Metropolitana",266,1.045,"8,7%","27,2%","64,1%","> 80% a 100%",636,"5,8","76,40%","63,00%",116,10,13,3.700.000
"Universidad Privada","Ingeniería Comercial","UNIVERSIDAD FINIS TERRAE","Ciencias Sociales","93,8%","85,2%","RM. Región Metropolitana",132,413,"10,4%","20,8%","68,8%","> 40% a 60%",597,"5,6","69,60%","56,60%",48,10,"14,1",3.366.750
"Universidad Privada","Ingeniería Comercial","UNIVERSIDAD NACIONAL ANDRÉS BELLO","Ciencias Sociales","84,1%","95,7%","RM. Región Metropolitana",786,2.493,"7,1%","28,4%","64,5%","> 60% a 80%",564,"5,6","84,90%","71,50%",218,10,"12,3",3.085.767
"Universidad Privada","Ingeniería Comercial","UNIVERSIDAD SAN SEBASTIÁN","Ciencias Sociales","79,1%","96,0%","VIII. Bío Bío",189,435,"25,9%","51,0%","23,1%","> 80% a 100%",562,"5,6","76,20%","55,70%",37,10,"13,8",2.981.440
"Universidad Privada","Ingeniería Comercial","UNIVERSIDAD SANTO TOMÁS","Ciencias Sociales","82,8%","82,6%","RM. Región Metropolitana",357,1.123,"33,4%","62,0%","4,6%","> 60% a 80%",534,"5,5","72,70%","63,50%",31,10,"12,4",1.941.111
"Universidad Particular con Aporte del Estado","Ingeniería Comercial","UNIVERSIDAD TÉCNICA FEDERICO SANTA MARÍA","Ciencias Sociales","97,5%","100,0%","RM. Región Metropolitana",176,731,"18,6%","44,5%","37,0%","> 80% a 100%",668,"6,2","89,20%","71,10%",52,10,"14,7",3.118.250
"Universidad Estatal","Ingeniería Comercial","UNIVERSIDAD TECNOLÓGICA METROPOLITANA","Ciencias Sociales","92,4%","94,6%","RM. Región Metropolitana",75,330,"30,0%","61,7%","8,3%","> 80% a 100%",589,"5,8","86,20%","73,90%",43,10,"13,6",2.204.830
"Instituto Profesional","Ingeniería en Administración de Empresas e Ing. Asociadas","IP DIEGO PORTALES","Administración y Comercio","78,1%","87,2%","VIII. Bío Bío",247,447,"44,6%","54,2%","1,1%","s/i",462,"5,5","62,40%","22,10%",39,8,"11,5",576.385
"Instituto Profesional","Ingeniería en Administración de Empresas e Ing. Asociadas","IP DUOC UC","Administración y Comercio","85,2%","87,6%","RM. Región Metropolitana",339,1.302,"28,5%","66,2%","5,2%","> 40% a 60%",479,"5,6","72,80%","61,70%",112,8,"10,5",1.653.222
"Instituto Profesional","Ingeniería en Administración de Empresas e Ing. Asociadas","IP INACAP","Administración y Comercio","79,3%","86,7%","IX. La Araucanía","s/i","s/i","s/i","s/i","s/i","s/i","s/i","s/i","No Disponible","No Disponible",25,"s/i","s/i",1.542.500
"Instituto Profesional","Ingeniería en Administración de Empresas e Ing. Asociadas","IP DR. VIRGINIO GÓMEZ G.","Administración y Comercio","81,1%","78,3%","VIII. Bío Bío",202,489,"48,7%","49,3%","2,0%","s/i",469,"5,7","87,80%","ND",25,8,"10,6",1.205.400
"Universidad Estatal","Ingeniería en Administración de Empresas e Ing. Asociadas","UNIVERSIDAD ARTURO PRAT","Administración y Comercio","91,2%","94,3%","RM. Región Metropolitana",315,997,"42,8%","55,5%","1,7%","s/i","s/i","s/i","No Disponible","No Disponible",205,12,"15,3",1.115.529
"Universidad Privada","Ingeniería en Administración de Empresas e Ing. Asociadas","UNIVERSIDAD BERNARDO O'HIGGINS","Administración y Comercio","90,2%","100,0%","RM. Región Metropolitana",2,61,"17,4%","73,9%","8,7%","s/i","s/i","5,2","No Disponible","No Disponible",16,9,"12,9",1.325.000
"Universidad Privada","Ingeniería en Administración de Empresas e Ing. Asociadas","UNIVERSIDAD CENTRAL DE CHILE","Administración y Comercio","86,6%","90,6%","RM. Región Metropolitana",95,502,"12,8%","77,1%","10,1%","> 40% a 60%",508,"5,4","67,50%","58,20%",42,9,12,2.443.333
"Universidad Privada","Ingeniería en Administración de Empresas e Ing. Asociadas","UNIVERSIDAD DE LAS AMÉRICAS","Administración y Comercio","90,0%","90,0%","RM. Región Metropolitana",141,829,"25,1%","71,3%","3,6%","> 20% a 40%",488,"5,5","40,90%","24,10%",146,9,"10,8",1.800.378
"Universidad Privada","Ingeniería en Administración de Empresas e Ing. Asociadas","UNIVERSIDAD NACIONAL ANDRÉS BELLO","Administración y Comercio","81,0%","91,4%","RM. Región Metropolitana",406,1.005,"23,1%","61,8%","15,1%","> 40% a 60%",511,"5,5","65,40%","50,90%",79,8,"10,9",2.070.517
"Instituto Profesional","Ingeniería en Computación e Informática","IP DIEGO PORTALES","Tecnología","73,8%","76,4%","VIII. Bío Bío",161,304,"48,0%","50,3%","1,7%","s/i",436,"5,2","No Disponible","No Disponible",84,8,"11,7",682.586
"Instituto Profesional","Ingeniería en Computación e Informática","IP DUOC UC","Tecnología","92,8%","95,0%","RM. Región Metropolitana",767,2.620,"26,4%","67,7%","5,9%","> 40% a 60%",498,"5,4","75,90%","61,20%",170,8,"11,9",1.659.500
"Instituto Profesional","Ingeniería en Computación e Informática","IP INACAP","Tecnología","85,8%","88,8%","IX. La Araucanía","s/i","s/i","s/i","s/i","s/i","s/i","s/i","s/i","No Disponible","No Disponible",26,"s/i","s/i","s/i"
"Instituto Profesional","Ingeniería en Computación e Informática","IP LA ARAUCANA","Tecnología","91,5%","97,6%","RM. Región Metropolitana",490,1.177,"39,6%","59,7%","0,7%","> 20% a 40%",460,"5,3","57,10%","36,00%",75,9,"11,7",965.464
"Instituto Profesional","Ingeniería en Computación e Informática","IP SANTO TOMÁS","Tecnología","61,8%","83,0%","X. Los Lagos",327,908,"52,7%","46,3%","0,9%","> 40% a 60%",467,"5,4","74,70%","64,50%",52,8,"9,3",1.168.267
"Instituto Profesional","Ingeniería en Computación e Informática","IP DR. VIRGINIO GÓMEZ G.","Tecnología","79,5%","82,7%","VIII. Bío Bío",307,556,"47,6%","48,6%","3,8%","s/i",495,"5,5","70,40%","No Disponible",47,8,"11,5",1.233.800
"Universidad Particular con Aporte del Estado","Ingeniería en Computación e Informática","PONTIFICIA UNIVERSIDAD CATÓLICA DE VALPARAÍSO","Tecnología","94,6%","93,9%","V. Valparaíso",82,305,"26,7%","62,6%","10,7%","> 80% a 100%",605,"5,9","73,70%","55,00%",63,9,"14,1",2.235.000
"Universidad Privada","Ingeniería en Computación e Informática","UNIVERSIDAD DE CIENCIAS DE LA INFORMÁTICA","Tecnología","94,0%","97,1%","RM. Región Metropolitana",102,316,"27,0%","63,8%","9,2%","> 20% a 40%",479,"5,3","No Disponible","No Disponible",61,8,"11,8",1.295.000
"Universidad Privada","Ingeniería en Computación e Informática","UNIVERSIDAD DE LAS AMÉRICAS","Tecnología","90,3%","95,3%","RM. Región Metropolitana",188,926,"34,9%","61,8%","3,3%","> 40% a 60%",508,"5,5","52,60%","31,70%",157,9,"11,4",1.862.812
"Universidad Estatal","Ingeniería en Computación e Informática","UNIVERSIDAD DE SANTIAGO DE CHILE","Tecnología","89,2%","97,6%","RM. Región Metropolitana",52,347,"29,5%","63,3%","7,2%","> 80% a 100%",644,"6,2","No Disponible","No Disponible",48,8,"13,3",2.316.500
"Universidad Estatal","Ingeniería en Computación e Informática","UNIVERSIDAD DEL BÍO-BÍO","Tecnología","95,0%","92,1%","VIII. Bío Bío",82,353,"38,7%","58,5%","2,8%","> 80% a 100%",565,"5,7","70,60%","45,90%",65,8,"14,2",1.881.000
"Universidad Privada","Ingeniería en Computación e Informática","UNIVERSIDAD DIEGO PORTALES","Tecnología","95,2%","100,0%","RM. Región Metropolitana",46,214,"27,3%","65,7%","7,1%","> 20% a 40%",505,"5,5","74,70%","48,00%",36,9,"13,3",2.200.000
"Universidad Privada","Ingeniería en Computación e Informática","UNIVERSIDAD NACIONAL ANDRÉS BELLO","Tecnología","93,5%","95,2%","RM. Región Metropolitana",403,1.140,"23,5%","63,5%","13,0%","> 40% a 60%",542,"5,5","65,90%","50,70%",70,8,"13,3",2.146.550
"Universidad Particular con Aporte del Estado","Ingeniería en Computación e Informática","UNIVERSIDAD TÉCNICA FEDERICO SANTA MARÍA","Tecnología","97,1%","93,0%","V. Valparaíso",42,231,"23,1%","54,8%","22,1%","s/i","s/i","5,3","No Disponible","No Disponible",37,"s/i","s/i",2.514.250
"Universidad Estatal","Ingeniería en Computación e Informática","UNIVERSIDAD TECNOLÓGICA METROPOLITANA","Tecnología","100,0%","100,0%","RM. Región Metropolitana",80,360,"37,1%","58,5%","4,4%","> 80% a 100%",597,"5,7","61,20%","43,70%",128,10,"16,4",2.076.105
"Universidad Particular con Aporte del Estado","Ingeniería en Construcción","PONTIFICIA UNIVERSIDAD CATÓLICA DE VALPARAÍSO","Tecnología","89,6%","94,0%","V. Valparaíso",76,377,"18,5%","61,8%","19,7%","> 80% a 100%",606,6,"88,50%","78,30%",76,11,"16,3",2.704.000
"Universidad Particular con Aporte del Estado","Ingeniería en Construcción","UNIVERSIDAD AUSTRAL DE CHILE","Tecnología","93,1%","97,4%","XIV. Los Ríos",63,285,"53,2%","42,4%","4,3%","> 80% a 100%",556,"5,7","72,40%","55,40%",53,10,"16,7",1.290.000
"Universidad Particular con Aporte del Estado","Ingeniería en Construcción","UNIVERSIDAD CATÓLICA DEL MAULE","Tecnología","91,4%","96,2%","VII. Maule",70,368,"55,3%","41,6%","3,1%","> 80% a 100%",592,"5,8","87,40%","73,50%",51,12,"17,7",2.525.000
"Universidad Particular con Aporte del Estado","Ingeniería en Construcción","UNIVERSIDAD CATÓLICA DEL NORTE","Tecnología","95,2%","91,0%","II. Antofagasta",62,278,"33,2%","45,3%","21,5%","> 80% a 100%",551,"5,7","No Disponible","No Disponible",38,10,"17,1",2.431.675
"Universidad Privada","Ingeniería en Construcción","UNIVERSIDAD CENTRAL DE CHILE","Tecnología","96,7%","90,6%","RM. Región Metropolitana",77,399,"19,6%","58,9%","21,5%","> 60% a 80%",573,"5,6","66,00%","40,00%",44,10,"16,4",3.090.000
"Universidad Estatal","Ingeniería en Construcción","UNIVERSIDAD DE LA FRONTERA","Tecnología","96,1%","91,2%","IX. La Araucanía",80,383,"35,8%","59,4%","4,7%","> 80% a 100%",595,"6,1","96,10%","90,80%",52,10,"15,6",1.966.000
"Universidad Estatal","Ingeniería en Construcción","UNIVERSIDAD DE LA SERENA","Tecnología","95,2%","97,4%","IV. Coquimbo",58,339,"27,0%","71,3%","1,8%","> 80% a 100%",578,"5,9","87,30%","64,90%",54,10,"14,8",2.237.520
"Universidad Estatal","Ingeniería en Construcción","UNIVERSIDAD DE VALPARAÍSO","Tecnología","91,7%","90,9%","V. Valparaíso",113,492,"26,3%","60,9%","12,8%","> 80% a 100%",571,"5,7","No Disponible","No Disponible",43,10,"15,3",2.013.000
"Universidad Estatal","Ingeniería en Construcción","UNIVERSIDAD DEL BÍO-BÍO","Tecnología","95,1%","94,1%","VIII. Bío Bío",92,473,"43,7%","48,7%","7,7%","> 80% a 100%",572,"5,8","80,00%","72,30%",96,11,"14,5",2.148.000
"Universidad Privada","Ingeniería en Construcción","UNIVERSIDAD NACIONAL ANDRÉS BELLO","Tecnología","87,9%","90,7%","RM. Región Metropolitana",57,302,"17,5%","62,6%","19,9%","> 60% a 80%",563,"5,6","72,40%","54,00%",55,10,"17,6",3.440.000
"Instituto Profesional","Ingeniería en Prevención de Riesgos","IP DEL VALLE CENTRAL","Tecnología","86,8%","83,3%","RM. Región Metropolitana",26,113,"68,9%","27,9%","3,3%","> 20% a 40%",455,"5,2","47,40%","21,10%",17,"s/i","s/i",976.333
"Instituto Profesional","Ingeniería en Prevención de Riesgos","IP DUOC UC","Tecnología","90,2%","92,5%","RM. Región Metropolitana",578,1.480,"29,7%","66,7%","3,6%","> 60% a 80%",466,"5,4","79,10%","70,30%",98,8,"10,3",1.598.000
"Instituto Profesional","Ingeniería en Prevención de Riesgos","IP INACAP","Tecnología","87,9%","89,6%","II. Antofagasta",1.992,6.299,"46,9%","50,0%","3,1%","> 40% a 60%",462,"5,5","67,10%","56,40%",587,8,"9,9",1.474.700
"Instituto Profesional","Ingeniería en Prevención de Riesgos","IP LA ARAUCANA","Tecnología","85,8%","91,8%","RM. Región Metropolitana",392,857,"44,0%","55,3%","0,7%","> 20% a 40%",453,"5,4","64,60%","51,30%",48,9,"10,7",973.564
"Instituto Profesional","Ingeniería en Prevención de Riesgos","IP DR. VIRGINIO GÓMEZ G.","Tecnología","82,3%","91,1%","VIII. Bío Bío",124,559,"63,1%","36,1%","0,8%","> 20% a 40%",432,"5,5","89,60%","No Disponible",31,8,"9,3",1.252.667
"Universidad Estatal","Ingeniería en Prevención de Riesgos","UNIVERSIDAD ARTURO PRAT","Tecnología","92,5%","95,2%","RM. Región Metropolitana",287,615,"46,3%","52,1%","1,7%","s/i","s/i","s/i","No Disponible","No Disponible",78,"s/i","s/i",1.314.667
"Universidad Particular con Aporte del Estado","Ingeniería en Prevención de Riesgos","UNIVERSIDAD TÉCNICA FEDERICO SANTA MARÍA","Tecnología","96,1%","97,3%","VIII. Bío Bío",236,580,"42,8%","53,0%","4,2%","> 80% a 100%",546,"5,8","73,60%","69,70%",57,8,"13,2",2.230.000
"Universidad Estatal","Ingeniería en Prevención de Riesgos","UNIVERSIDAD TECNOLÓGICA METROPOLITANA","Tecnología","90,5%","93,1%","RM. Región Metropolitana",64,300,"33,3%","63,8%","2,9%","> 80% a 100%",565,"5,8","73,70%","65,30%",59,6,"11,5",2.025.567
"Universidad Estatal","Ingeniería Mecánica","UNIVERSIDAD DE SANTIAGO DE CHILE","Tecnología","85,6%","94,1%","RM. Región Metropolitana",96,391,"30,7%","58,2%","11,2%","> 80% a 100%",634,6,"75,00%","60,80%",84,8,"13,6",2.316.500
"Universidad Estatal","Ingeniería Mecánica","UNIVERSIDAD DE TALCA","Tecnología","93,5%","90,7%","VII. Maule",48,240,"36,4%","53,9%","9,7%","> 80% a 100%",579,6,"No Disponible","No Disponible",23,8,"17,1",2.217.600
"Universidad Estatal","Ingeniería Mecánica","UNIVERSIDAD DEL BÍO-BÍO","Tecnología","85,6%","87,8%","VIII. Bío Bío",104,433,"42,9%","52,5%","4,7%","> 80% a 100%",549,"5,8","72,30%","45,80%",68,8,"13,5",1.881.000
"Universidad Particular con Aporte del Estado","Ingeniería Mecánica","UNIVERSIDAD TÉCNICA FEDERICO SANTA MARÍA","Tecnología","88,1%","86,9%","V. Valparaíso",217,629,"27,8%","60,9%","11,3%","> 80% a 100%",565,"5,8","83,60%","70,40%",44,9,"12,6",2.369.333
"Universidad Estatal","Ingeniería Mecánica","UNIVERSIDAD TECNOLÓGICA METROPOLITANA","Tecnología","88,0%","95,8%","RM. Región Metropolitana",56,225,"30,3%","62,4%","7,3%","> 80% a 100%",576,"5,4","No Disponible","No Disponible",26,10,"17,1",2.006.020
"Universidad Particular con Aporte del Estado","Kinesiología","PONTIFICIA UNIVERSIDAD CATÓLICA DE VALPARAÍSO","Salud","85,5%","91,4%","V. Valparaíso",55,335,"19,4%","46,7%","33,9%","> 80% a 100%",661,"6,4","93,20%","86,30%",43,11,"14,7",3.076.000
"Universidad Estatal","Kinesiología","UNIVERSIDAD DE ANTOFAGASTA","Salud","92,3%","92,3%","II. Antofagasta",61,261,"34,0%","49,0%","17,0%","> 80% a 100%",604,"6,2","84,40%","82,40%",39,10,"12,8",2.506.000
"Universidad Estatal","Kinesiología","UNIVERSIDAD DE CHILE","Salud","94,6%","93,3%","RM. Región Metropolitana",64,292,"31,8%","24,7%","43,5%","> 60% a 80%",715,"6,4","No Disponible","No Disponible",40,10,12,2.798.660
"Universidad Estatal","Kinesiología","UNIVERSIDAD DE LA FRONTERA","Salud","98,1%","100,0%","IX. La Araucanía",63,266,"33,3%","60,1%","6,6%","> 80% a 100%",646,"6,4","78,20%","78,20%",35,10,"11,1",2.238.000
"Universidad Estatal","Kinesiología","UNIVERSIDAD DE PLAYA ANCHA DE CIENCIAS DE LA EDUCACIÓN","Salud","88,5%","92,6%","V. Valparaíso",65,293,"24,5%","60,1%","15,4%","> 80% a 100%",623,"6,1","94,80%","91,30%",33,10,13,2.138.000
"Universidad Estatal","Kinesiología","UNIVERSIDAD METROPOLITANA DE CIENCIAS DE LA EDUCACIÓN","Salud","94,6%","97,7%","RM. Región Metropolitana",50,289,"27,2%","53,5%","19,3%","> 80% a 100%",660,"6,2","No Disponible","No Disponible",38,10,"13,5",2.215.000
"Universidad Privada","Kinesiología","UNIVERSIDAD SAN SEBASTIÁN","Salud","92,8%","100,0%","VIII. Bío Bío",418,1.535,"32,5%","52,1%","15,4%","> 80% a 100%",567,"5,7","77,80%","64,50%",66,10,"13,9",3.223.120
"Universidad Particular con Aporte del Estado","Medicina","PONTIFICIA UNIVERSIDAD CATÓLICA DE CHILE","Salud","85,9%","s/i","RM. Región Metropolitana",101,814,"13,1%","16,5%","70,4%","> 80% a 100%",799,"6,8","99,10%","96,10%",106,14,"15,9",4.833.000
"Universidad Particular con Aporte del Estado","Medicina","UNIVERSIDAD AUSTRAL DE CHILE","Salud","94,3%","s/i","XIV. Los Ríos",70,446,"20,5%","41,9%","37,6%","> 80% a 100%",741,"6,6","92,50%","91,00%",51,12,"15,3",3.620.000
"Universidad Particular con Aporte del Estado","Medicina","UNIVERSIDAD CATÓLICA DE LA SANTÍSIMA CONCEPCIÓN","Salud","98,9%","97,6%","VIII. Bío Bío",58,360,"25,5%","40,8%","33,7%","> 80% a 100%",723,"6,7","94,40%","92,50%",42,14,"14,3",4.015.000
"Universidad Estatal","Medicina","UNIVERSIDAD DE ANTOFAGASTA","Salud","100,0%","95,2%","II. Antofagasta",52,446,"13,1%","48,0%","38,9%","> 80% a 100%",702,"6,6","96,00%","90,00%",57,14,"17,2",3.963.000
"Universidad Estatal","Medicina","UNIVERSIDAD DE CHILE","Salud","92,5%","94,7%","RM. Región Metropolitana",226,1.500,"23,6%","20,5%","55,9%","> 80% a 100%",779,"6,7","98,10%","97,60%",188,14,15,3.992.660
"Universidad Particular con Aporte del Estado","Medicina","UNIVERSIDAD DE CONCEPCIÓN","Salud","97,1%","98,1%","VIII. Bío Bío",116,800,"17,8%","35,0%","47,2%","> 80% a 100%",764,"6,7","96,60%","94,00%",85,14,"14,7",4.259.400
"Universidad Estatal","Medicina","UNIVERSIDAD DE LA FRONTERA","Salud","97,4%","95,1%","IX. La Araucanía",65,452,"18,2%","54,0%","27,8%","> 80% a 100%",750,"6,7","No Disponible","No Disponible",48,14,"15,5",3.494.000
"Universidad Privada","Medicina","UNIVERSIDAD DE LOS ANDES","Salud","80,8%","92,1%","RM. Región Metropolitana",73,554,"1,1%","6,5%","92,4%","> 80% a 100%",768,"6,7","95,30%","92,90%",60,14,"14,3",5.819.289
"Universidad Estatal","Medicina","UNIVERSIDAD DE SANTIAGO DE CHILE","Salud","95,0%","94,4%","RM. Región Metropolitana",76,560,"21,8%","37,4%","40,8%","> 80% a 100%",745,"6,6","No Disponible","No Disponible",122,14,15,3.218.300
"Universidad Estatal","Medicina","UNIVERSIDAD DE VALPARAÍSO","Salud","97,5%","98,5%","V. Valparaíso",99,630,"8,8%","40,0%","51,2%","> 80% a 100%",745,"6,8","97,30%","91,70%",60,14,"14,4",3.753.000
"Universidad Privada","Medicina","UNIVERSIDAD SAN SEBASTIÁN","Salud","97,5%","96,2%","VIII. Bío Bío",107,780,"9,9%","35,5%","54,6%","> 80% a 100%",705,"6,4","84,40%","81,10%",81,14,15,5.472.600
"Universidad Particular con Aporte del Estado","Medicina Veterinaria","UNIVERSIDAD AUSTRAL DE CHILE","Agropecuaria","86,1%","89,1%","XIV. Los Ríos",106,673,"25,3%","47,2%","27,6%","> 80% a 100%",610,6,"85,30%","81,80%",68,10,"18,1",2.970.000
"Universidad Particular con Aporte del Estado","Medicina Veterinaria","UNIVERSIDAD CATÓLICA DE TEMUCO","Agropecuaria","73,2%","81,8%","IX. La Araucanía",99,484,"33,8%","60,8%","5,4%","> 80% a 100%",552,"5,8","91,10%","84,20%",36,10,"17,9",3.027.000
"Universidad Estatal","Medicina Veterinaria","UNIVERSIDAD DE CHILE","Agropecuaria","79,3%","88,1%","RM. Región Metropolitana",154,969,"27,2%","38,8%","34,0%","> 80% a 100%",668,"6,2","86,60%","79,90%",79,10,"17,4",2.910.660
"Universidad Particular con Aporte del Estado","Medicina Veterinaria","UNIVERSIDAD DE CONCEPCIÓN","Agropecuaria","77,4%","73,6%","VIII. Bío Bío",164,988,"33,5%","52,4%","14,1%","> 80% a 100%",594,"6,1","86,00%","83,10%",46,"s/i","s/i",3.185.500
"Universidad Privada","Medicina Veterinaria","UNIVERSIDAD DE LAS AMÉRICAS","Agropecuaria","44,5%","71,0%","RM. Región Metropolitana",183,984,"25,2%","61,9%","12,9%","> 60% a 80%",488,"5,6","65,40%","43,20%",166,11,"14,6",2.597.000
"Universidad Privada","Medicina Veterinaria","UNIVERSIDAD IBEROAMERICANA DE CIENCIAS Y TECNOLOGÍA, UNICYT","Agropecuaria","69,4%","72,1%","RM. Región Metropolitana",75,661,"25,2%","68,8%","6,0%","> 60% a 80%",510,"5,5","82,60%","61,20%",67,10,"19,2",2.750.000
"Universidad Privada","Medicina Veterinaria","UNIVERSIDAD SANTO TOMÁS","Agropecuaria","57,3%","68,8%","RM. Región Metropolitana",303,1.384,"33,1%","57,9%","9,0%","> 80% a 100%",547,"5,6","74,40%","55,30%",75,11,"15,2",2.490.000
"Universidad Estatal","Nutrición y Dietética","UNIVERSIDAD DE CHILE","Salud","98,1%","96,2%","RM. Región Metropolitana",56,220,"28,2%","41,1%","30,6%","> 80% a 100%",670,"6,4","No Disponible","No Disponible",25,10,"11,9",2.725.660
"Universidad Estatal","Nutrición y Dietética","UNIVERSIDAD DE LA FRONTERA","Salud","95,0%","100,0%","IX. La Araucanía",43,196,"36,4%","60,9%","2,7%","> 80% a 100%",601,"6,1","No Disponible","No Disponible",53,10,"11,7",2.238.000
"Universidad Estatal","Nutrición y Dietética","UNIVERSIDAD DEL BÍO-BÍO","Salud","98,6%","95,3%","VIII. Bío Bío",51,282,"41,4%","57,0%","1,6%","> 80% a 100%",584,"6,3","86,60%","86,60%",54,10,"11,8",1.895.000
"Universidad Estatal","Obstetricia y Puericultura","UNIVERSIDAD DE ANTOFAGASTA","Salud","92,1%","89,7%","II. Antofagasta",45,242,"40,3%","51,5%","8,2%","> 80% a 100%",565,"6,2","90,40%","88,50%",32,10,"13,9",2.499.000
"Universidad Particular con Aporte del Estado","Obstetricia y Puericultura","UNIVERSIDAD DE CONCEPCIÓN","Salud","100,0%","98,4%","VIII. Bío Bío",80,386,"45,0%","50,4%","4,6%","> 80% a 100%",619,"6,3","91,50%","80,50%",73,10,"11,1",2.141.700
"Universidad Estatal","Obstetricia y Puericultura","UNIVERSIDAD DE LA FRONTERA","Salud","97,9%","100,0%","IX. La Araucanía",42,181,"44,8%","53,4%","1,7%","> 80% a 100%",608,"6,3","No Disponible","No Disponible",26,10,11,2.238.000
"Universidad Estatal","Obstetricia y Puericultura","UNIVERSIDAD DE TARAPACÁ","Salud","96,3%","100,0%","XV. Arica y Parinacota",35,222,"48,9%","50,0%","1,1%","> 80% a 100%",542,"6,2","No Disponible","No Disponible",25,9,"15,6",1.737.000
"Universidad Estatal","Obstetricia y Puericultura","UNIVERSIDAD DE VALPARAÍSO","Salud","98,5%","100,0%","V. Valparaíso",88,350,"24,5%","69,4%","6,1%","> 80% a 100%",616,"6,4","89,70%","79,30%",31,10,"11,6",2.183.000
"Universidad Estatal","Odontología","UNIVERSIDAD DE CHILE","Salud","94,2%","97,5%","RM. Región Metropolitana",127,687,"30,5%","27,3%","42,2%","> 80% a 100%",733,"6,6","94,20%","91,30%",92,12,14,3.992.660
"Universidad Particular con Aporte del Estado","Odontología","UNIVERSIDAD DE CONCEPCIÓN","Salud","97,2%","95,8%","VIII. Bío Bío",82,485,"24,4%","43,0%","32,6%","> 80% a 100%",714,"6,6","93,70%","92,50%",93,11,"13,2",4.259.400
"Universidad Estatal","Odontología","UNIVERSIDAD DE LA FRONTERA","Salud","98,0%","97,3%","IX. La Araucanía",69,426,"30,5%","53,5%","16,0%","> 80% a 100%",692,"6,5","95,90%","83,60%",48,12,"13,8",3.494.000
"Universidad Estatal","Odontología","UNIVERSIDAD DE TALCA","Salud","100,0%","100,0%","VII. Maule",70,568,"30,2%","51,7%","18,1%","> 80% a 100%",671,"6,7","93,00%","85,90%",35,12,"15,3",3.698.100
"Universidad Particular con Aporte del Estado","Pedagogía en Artes y Música","UNIVERSIDAD DE CONCEPCIÓN","Educación","79,7%","79,2%","VIII. Bío Bío",57,300,"48,8%","45,4%","5,8%","> 60% a 80%",598,6,"86,30%","84,50%",24,10,"12,8",1.511.000
"Universidad Estatal","Pedagogía en Artes y Música","UNIVERSIDAD DE PLAYA ANCHA DE CIENCIAS DE LA EDUCACIÓN","Educación","71,0%","68,8%","V. Valparaíso",90,349,"28,9%","64,8%","6,3%","> 80% a 100%",571,"5,7","80,80%","65,40%",55,10,"13,7",1.551.000
"Universidad Estatal","Pedagogía en Artes y Música","UNIVERSIDAD METROPOLITANA DE CIENCIAS DE LA EDUCACIÓN","Educación","81,0%","84,3%","RM. Región Metropolitana",71,385,"29,9%","63,5%","6,6%","> 80% a 100%",613,"5,9","82,20%","76,20%",61,10,"12,9",1.675.000
"Universidad Particular con Aporte del Estado","Pedagogía en Castellano","PONTIFICIA UNIVERSIDAD CATÓLICA DE VALPARAÍSO","Educación","72,9%","84,6%","V. Valparaíso",53,317,"27,6%","59,5%","12,9%","> 80% a 100%",600,"5,9","91,00%","78,20%",29,9,"12,9",1.747.000
"Universidad Particular con Aporte del Estado","Pedagogía en Castellano","UNIVERSIDAD AUSTRAL DE CHILE","Educación","81,3%","93,5%","XIV. Los Ríos",43,164,"54,3%","41,7%","4,0%","> 80% a 100%",573,6,"No Disponible","No Disponible",37,8,"12,2",1.900.000
"Universidad Privada","Pedagogía en Castellano","UNIVERSIDAD CATÓLICA SILVA HENRÍQUEZ","Educación","91,5%","92,9%","RM. Región Metropolitana",38,225,"18,0%","79,0%","3,0%","> 60% a 80%",531,"5,6","85,30%","68,90%",46,10,"11,5",2.131.250
"Universidad Particular con Aporte del Estado","Pedagogía en Castellano","UNIVERSIDAD DE CONCEPCIÓN","Educación","80,2%","85,3%","VIII. Bío Bío",48,261,"45,1%","52,2%","2,7%","> 80% a 100%",593,"6,2","No Disponible","No Disponible",23,10,"12,1",1.511.000
"Universidad Estatal","Pedagogía en Castellano","UNIVERSIDAD DE LA FRONTERA","Educación","87,5%","81,0%","IX. La Araucanía",43,189,"47,1%","52,9%","0,0%","> 80% a 100%",551,"5,7","No Disponible","No Disponible",67,10,"11,8",1.442.000
"Universidad Estatal","Pedagogía en Castellano","UNIVERSIDAD DE LA SERENA","Educación","83,3%","88,1%","IV. Coquimbo",42,215,"36,6%","62,4%","1,0%","> 80% a 100%",559,"5,9","No Disponible","No Disponible",38,9,"10,4",1.535.520
"Universidad Estatal","Pedagogía en Castellano","UNIVERSIDAD DE PLAYA ANCHA DE CIENCIAS DE LA EDUCACIÓN","Educación","87,0%","87,8%","V. Valparaíso",108,423,"36,1%","61,4%","2,5%","> 80% a 100%",551,"5,7","81,50%","74,10%",51,10,"12,9",1.536.000
"Universidad Estatal","Pedagogía en Castellano","UNIVERSIDAD METROPOLITANA DE CIENCIAS DE LA EDUCACIÓN","Educación","83,3%","78,3%","RM. Región Metropolitana",71,309,"38,1%","59,3%","2,6%","> 80% a 100%",606,6,"78,00%","63,30%",45,10,"14,2",1.675.000
"Universidad Particular con Aporte del Estado","Pedagogía en Educación Básica","PONTIFICIA UNIVERSIDAD CATÓLICA DE CHILE","Educación","83,2%","91,3%","RM. Región Metropolitana",221,1.055,"22,9%","41,1%","36,0%","> 80% a 100%",611,"6,2","94,90%","90,70%",148,9,"10,9",2.963.000
"Universidad Particular con Aporte del Estado","Pedagogía en Educación Básica","PONTIFICIA UNIVERSIDAD CATÓLICA DE VALPARAÍSO","Educación","80,0%","78,1%","V. Valparaíso",79,273,"31,9%","58,0%","10,1%","> 80% a 100%",571,6,"91,00%","83,70%",52,9,"10,9",1.747.000
"Universidad Privada","Pedagogía en Educación Básica","UNIVERSIDAD ACADEMIA DE HUMANISMO CRISTIANO","Educación","84,3%","88,6%","RM. Región Metropolitana",65,195,"31,6%","66,2%","2,3%","> 60% a 80%",507,"5,6","No Disponible","No Disponible",138,10,12,1.731.000
"Universidad Estatal","Pedagogía en Educación Básica","UNIVERSIDAD ARTURO PRAT","Educación","78,0%","86,0%","RM. Región Metropolitana",86,594,"37,4%","62,0%","0,6%","> 60% a 80%",492,"5,7","No Disponible","No Disponible",1.604,13,"13,1",1.498.667
"Universidad Particular con Aporte del Estado","Pedagogía en Educación Básica","UNIVERSIDAD CATÓLICA DE LA SANTÍSIMA CONCEPCIÓN","Educación","86,8%","85,9%","VIII. Bío Bío",79,293,"58,1%","41,5%","0,4%","> 80% a 100%",522,"5,8","96,90%","92,20%",72,9,"9,3",1.465.000
"Universidad Particular con Aporte del Estado","Pedagogía en Educación Básica","UNIVERSIDAD CATÓLICA DE TEMUCO","Educación","82,5%","85,9%","IX. La Araucanía",103,522,"53,1%","45,8%","1,1%","> 80% a 100%",508,"5,6","89,20%","81,10%",88,9,"10,8",1.585.333
"Universidad Particular con Aporte del Estado","Pedagogía en Educación Básica","UNIVERSIDAD CATÓLICA DEL MAULE","Educación","94,9%","90,6%","VII. Maule",122,564,"53,4%","44,9%","1,7%","> 80% a 100%",562,6,"93,70%","89,10%",67,10,"10,8",1.825.000
"Universidad Privada","Pedagogía en Educación Básica","UNIVERSIDAD CATÓLICA SILVA HENRÍQUEZ","Educación","85,6%","91,5%","RM. Región Metropolitana",127,737,"17,1%","79,7%","3,2%","> 60% a 80%",514,"5,6","82,90%","62,40%",95,8,"9,4",2.131.250
"Universidad Privada","Pedagogía en Educación Básica","UNIVERSIDAD CENTRAL DE CHILE","Educación","74,0%","75,6%","RM. Región Metropolitana",78,304,"25,1%","69,2%","5,6%","> 60% a 80%",501,"5,5","81,70%","71,70%",106,8,"10,1",2.240.000
"Universidad Privada","Pedagogía en Educación Básica","UNIVERSIDAD DE ACONCAGUA","Educación","38,6%","58,5%","VI. Libertador General Bernardo O' Higgins",39,223,"56,8%","43,2%","0,0%","> 20% a 40%",479,"5,6","No Disponible","No Disponible",37,11,"11,1",1.376.250
"Universidad Estatal","Pedagogía en Educación Básica","UNIVERSIDAD DE ANTOFAGASTA","Educación","91,7%","93,3%","II. Antofagasta",43,185,"54,0%","41,4%","4,6%","> 80% a 100%",494,"5,6","No Disponible","No Disponible",50,8,"9,8",1.981.000
"Universidad Estatal","Pedagogía en Educación Básica","UNIVERSIDAD DE ATACAMA","Educación","93,7%","100,0%","III. Atacama",26,145,"55,9%","42,6%","1,5%","> 80% a 100%",535,"5,7","No Disponible","No Disponible",21,10,"10,1",1.945.000
"Universidad Privada","Pedagogía en Educación Básica","UNIVERSIDAD DE CIENCIAS DE LA INFORMÁTICA","Educación","79,7%","86,2%","RM. Región Metropolitana",47,295,"24,9%","72,8%","2,3%","> 20% a 40%",434,"5,3","71,80%","60,00%",148,6,10,1.255.000
"Universidad Particular con Aporte del Estado","Pedagogía en Educación Básica","UNIVERSIDAD DE CONCEPCIÓN","Educación","92,7%","89,3%","VIII. Bío Bío",170,631,"70,7%","28,6%","0,7%","> 80% a 100%",543,"5,9","96,50%","92,90%",149,10,"10,7",1.563.500
"Universidad Estatal","Pedagogía en Educación Básica","UNIVERSIDAD DE LA SERENA","Educación","86,8%","89,5%","IV. Coquimbo",64,275,"46,5%","53,5%","0,0%","> 80% a 100%",537,"5,9","85,40%","73,40%",44,8,"7,9",1.535.520
"Universidad Privada","Pedagogía en Educación Básica","UNIVERSIDAD DE LAS AMÉRICAS","Educación","64,7%","82,3%","RM. Región Metropolitana",322,1.088,"37,5%","60,6%","1,9%","> 20% a 40%",461,"5,6","62,40%","51,30%",152,9,"10,3",1.719.867
"Universidad Estatal","Pedagogía en Educación Básica","UNIVERSIDAD DE LOS LAGOS","Educación","79,3%","82,5%","RM. Región Metropolitana",49,475,"58,8%","41,2%","0,0%","> 60% a 80%",513,"5,6","87,30%","76,40%",555,"s/i","s/i",1.505.500
"Universidad Estatal","Pedagogía en Educación Básica","UNIVERSIDAD DE PLAYA ANCHA DE CIENCIAS DE LA EDUCACIÓN","Educación","84,7%","88,6%","V. Valparaíso",132,646,"39,8%","56,1%","4,1%","> 60% a 80%",530,"5,7","89,40%","86,10%",341,10,"11,5",1.536.000
"Universidad Estatal","Pedagogía en Educación Básica","UNIVERSIDAD DE TARAPACÁ","Educación","80,0%","82,7%","XV. Arica y Parinacota",65,321,"44,4%","54,1%","1,5%","> 80% a 100%",512,"5,6","74,40%","60,30%",94,10,"10,1",1.700.333
"Universidad Privada","Pedagogía en Educación Básica","UNIVERSIDAD DEL MAR","Educación","76,9%","86,7%","V. Valparaíso",247,817,"49,0%","48,3%","2,7%","> 20% a 40%",418,"5,5","63,40%","40,50%",331,8,"9,7",1.663.912
"Universidad Estatal","Pedagogía en Educación Básica","UNIVERSIDAD METROPOLITANA DE CIENCIAS DE LA EDUCACIÓN","Educación","84,2%","91,5%","RM. Región Metropolitana",125,576,"37,9%","60,6%","1,5%","> 80% a 100%",573,6,"83,10%","80,90%",79,10,"11,8",1.663.750
"Universidad Privada","Pedagogía en Educación Básica","UNIVERSIDAD NACIONAL ANDRÉS BELLO","Educación","83,8%","87,2%","RM. Región Metropolitana",154,498,"21,3%","65,2%","13,5%","> 40% a 60%",491,"5,6","72,80%","62,90%",205,8,"9,9",2.175.460
"Universidad Privada","Pedagogía en Educación Básica","UNIVERSIDAD SAN SEBASTIÁN","Educación","63,9%","82,2%","VIII. Bío Bío",313,901,"53,8%","45,0%","1,1%","> 60% a 80%",508,"5,5","82,80%","77,40%",139,8,"8,9",1.609.060
"Instituto Profesional","Pedagogía en Educación de Párvulos","IP DE CHILE","Educación","59,2%","71,4%","RM. Región Metropolitana",521,1.038,"38,3%","61,2%","0,5%","> 20% a 40%",399,"5,5","53,70%","44,60%",77,9,"9,5",982.382
"Instituto Profesional","Pedagogía en Educación de Párvulos","IP DE ENAC","Educación","76,5%","73,9%","RM. Región Metropolitana","s/i",72,"23,1%","76,9%","0,0%","s/i","s/i","s/i","42,60%","27,80%",31,9,"11,3",834.500
"Instituto Profesional","Pedagogía en Educación de Párvulos","IP DEL VALLE CENTRAL","Educación","48,2%","54,5%","RM. Región Metropolitana",245,430,"52,4%","47,3%","0,3%","> 20% a 40%",391,"5,5","57,90%","24,80%",56,8,"9,7",898.333
"Instituto Profesional","Pedagogía en Educación de Párvulos","IP DIEGO PORTALES","Educación","45,6%","58,2%","VIII. Bío Bío",274,528,"60,0%","40,0%","0,0%","s/i",366,"5,4","68,00%","58,00%",109,8,"10,4",692.000
"Instituto Profesional","Pedagogía en Educación de Párvulos","IP LOS LEONES","Educación","56,9%","71,6%","RM. Región Metropolitana",1.181,2.694,"28,4%","71,1%","0,5%","> 20% a 40%",390,"5,4","52,80%","44,20%",190,8,11,857.000
"Universidad Particular con Aporte del Estado","Pedagogía en Educación de Párvulos","PONTIFICIA UNIVERSIDAD CATÓLICA DE CHILE","Educación","85,9%","82,1%","RM. Región Metropolitana",70,427,"14,6%","45,0%","40,4%","> 80% a 100%",620,"6,1","86,60%","82,10%",70,8,"10,3",2.963.000
"Universidad Particular con Aporte del Estado","Pedagogía en Educación de Párvulos","PONTIFICIA UNIVERSIDAD CATÓLICA DE VALPARAÍSO","Educación","66,7%","85,2%","V. Valparaíso",54,182,"20,7%","60,9%","18,3%","> 80% a 100%",566,"5,9","No Disponible","No Disponible",39,8,"10,5",1.747.000
"Universidad Estatal","Pedagogía en Educación de Párvulos","UNIVERSIDAD ARTURO PRAT","Educación","73,6%","77,7%","RM. Región Metropolitana",24,163,"48,6%","51,4%","0,0%","> 80% a 100%",436,"5,8","No Disponible","No Disponible",365,11,"12,9",1.300.000
"Universidad Particular con Aporte del Estado","Pedagogía en Educación de Párvulos","UNIVERSIDAD CATÓLICA DE LA SANTÍSIMA CONCEPCIÓN","Educación","61,3%","89,2%","VIII. Bío Bío",52,249,"52,4%","43,1%","4,4%","> 80% a 100%",517,"5,7","89,40%","86,40%",42,9,"10,2",1.755.000
"Universidad Particular con Aporte del Estado","Pedagogía en Educación de Párvulos","UNIVERSIDAD CATÓLICA DEL MAULE","Educación","86,8%","84,6%","VII. Maule",51,201,"38,9%","54,4%","6,7%","> 80% a 100%",524,6,"No Disponible","No Disponible",50,10,"11,1",1.825.000
"Universidad Privada","Pedagogía en Educación de Párvulos","UNIVERSIDAD CATÓLICA SILVA HENRÍQUEZ","Educación","62,5%","79,5%","RM. Región Metropolitana",30,155,"15,5%","76,1%","8,5%","> 60% a 80%",506,"5,6","No Disponible","No Disponible",33,8,"9,7",2.131.250
"Universidad Privada","Pedagogía en Educación de Párvulos","UNIVERSIDAD CENTRAL DE CHILE","Educación","71,0%","90,9%","RM. Región Metropolitana",34,166,"12,1%","71,8%","16,1%","> 60% a 80%",478,"5,5","88,00%","70,00%",41,8,"10,5",1.925.500
"Universidad Estatal","Pedagogía en Educación de Párvulos","UNIVERSIDAD DE ANTOFAGASTA","Educación","71,0%","76,0%","II. Antofagasta",50,200,"45,8%","41,6%","12,6%","> 80% a 100%",502,"5,6","No Disponible","No Disponible",40,9,"12,8",1.938.000
"Universidad Privada","Pedagogía en Educación de Párvulos","UNIVERSIDAD DE CIENCIAS DE LA INFORMÁTICA","Educación","63,2%","70,2%","RM. Región Metropolitana",68,278,"19,5%","73,3%","7,2%","> 20% a 40%",421,"5,5","72,50%","46,80%",62,8,"10,5",1.195.000
"Universidad Particular con Aporte del Estado","Pedagogía en Educación de Párvulos","UNIVERSIDAD DE CONCEPCIÓN","Educación","81,4%","97,1%","VIII. Bío Bío",87,410,"57,2%","39,7%","3,1%","> 80% a 100%",527,"5,7","84,90%","81,10%",64,10,"12,7",1.563.500
"Universidad Privada","Pedagogía en Educación de Párvulos","UNIVERSIDAD DE LAS AMÉRICAS","Educación","49,2%","68,5%","RM. Región Metropolitana",161,503,"31,3%","63,4%","5,2%","> 40% a 60%",413,"5,5","70,30%","58,50%",79,8,"10,2",1.712.764
"Universidad Estatal","Pedagogía en Educación de Párvulos","UNIVERSIDAD DE PLAYA ANCHA DE CIENCIAS DE LA EDUCACIÓN","Educación","64,0%","82,5%","V. Valparaíso",91,305,"28,1%","68,5%","3,3%","> 80% a 100%",518,"5,6","80,80%","79,00%",45,10,"12,7",1.536.000
"Universidad Estatal","Pedagogía en Educación de Párvulos","UNIVERSIDAD DE TARAPACÁ","Educación","42,7%","62,5%","XV. Arica y Parinacota",57,262,"47,5%","51,6%","0,9%","> 80% a 100%",502,"5,8","72,30%","59,80%",31,9,"12,9",1.700.333
"Universidad Estatal","Pedagogía en Educación de Párvulos","UNIVERSIDAD DEL BÍO-BÍO","Educación","64,9%","81,1%","VIII. Bío Bío",42,180,"40,5%","58,9%","0,6%","> 80% a 100%",513,"5,7","No Disponible","No Disponible",42,8,"9,2",1.657.000
"Universidad Privada","Pedagogía en Educación de Párvulos","UNIVERSIDAD DEL MAR","Educación","74,8%","73,5%","II. Antofagasta",445,957,"47,3%","50,3%","2,4%","> 20% a 40%",405,"5,6","65,40%","49,80%",214,8,"10,1",1.714.555
"Universidad Estatal","Pedagogía en Educación de Párvulos","UNIVERSIDAD METROPOLITANA DE CIENCIAS DE LA EDUCACIÓN","Educación","77,1%","86,5%","RM. Región Metropolitana",94,436,"27,2%","69,5%","3,3%","> 80% a 100%",554,"5,9","74,80%","73,70%",60,10,"12,5",1.675.000
"Universidad Privada","Pedagogía en Educación de Párvulos","UNIVERSIDAD NACIONAL ANDRÉS BELLO","Educación","75,3%","81,7%","RM. Región Metropolitana",194,597,"12,9%","53,0%","34,1%","> 40% a 60%",486,"5,5","80,30%","69,80%",141,8,"10,2",2.184.610
"Universidad Particular con Aporte del Estado","Pedagogía en Educación Diferencial","PONTIFICIA UNIVERSIDAD CATÓLICA DE VALPARAÍSO","Educación","93,1%","95,0%","V. Valparaíso",64,291,"28,0%","59,8%","12,1%","> 80% a 100%",589,"6,1","89,40%","80,40%",53,9,"12,2",1.864.000
"Universidad Particular con Aporte del Estado","Pedagogía en Educación Diferencial","UNIVERSIDAD CATÓLICA DE TEMUCO","Educación","91,0%","100,0%","IX. La Araucanía",105,393,"44,3%","54,6%","1,1%","> 80% a 100%",531,"5,8","92,20%","88,80%",55,10,"10,4",1.780.000
"Universidad Particular con Aporte del Estado","Pedagogía en Educación Diferencial","UNIVERSIDAD CATÓLICA DEL MAULE","Educación","94,4%","98,1%","VII. Maule",49,266,"50,6%","46,7%","2,7%","> 80% a 100%",556,"6,2","98,30%","98,30%",51,10,"12,3",1.875.000
"Universidad Privada","Pedagogía en Educación Diferencial","UNIVERSIDAD CATÓLICA SILVA HENRÍQUEZ","Educación","91,1%","95,8%","RM. Región Metropolitana",60,261,"17,5%","77,6%","4,9%","> 80% a 100%",509,"5,6","91,30%","82,50%",42,9,"10,3",2.131.250
"Universidad Particular con Aporte del Estado","Pedagogía en Educación Diferencial","UNIVERSIDAD DE CONCEPCIÓN","Educación","96,6%","96,7%","VIII. Bío Bío",95,438,"64,3%","34,2%","1,5%","> 80% a 100%",556,6,"96,40%","89,10%",208,10,"11,6",1.511.000
"Universidad Estatal","Pedagogía en Educación Diferencial","UNIVERSIDAD DE LA SERENA","Educación","91,8%","91,9%","IV. Coquimbo",43,230,"37,4%","62,1%","0,5%","> 80% a 100%",550,"6,2","No Disponible","No Disponible",22,9,10,1.535.520
"Universidad Estatal","Pedagogía en Educación Diferencial","UNIVERSIDAD DE LOS LAGOS","Educación","97,9%","98,0%","X. Los Lagos",34,167,"60,9%","38,4%","0,7%","> 80% a 100%",507,"5,6","No Disponible","No Disponible",20,8,11,1.399.000
"Universidad Estatal","Pedagogía en Educación Diferencial","UNIVERSIDAD DE PLAYA ANCHA DE CIENCIAS DE LA EDUCACIÓN","Educación","96,7%","95,3%","V. Valparaíso",76,371,"33,6%","64,2%","2,2%","> 80% a 100%",541,"5,8","93,50%","s/i",106,10,"11,8",1.536.000
"Universidad Privada","Pedagogía en Educación Diferencial","UNIVERSIDAD DEL MAR","Educación","97,0%","93,3%","RM. Región Metropolitana",143,316,"50,2%","48,2%","1,6%","> 20% a 40%",415,"5,5","No Disponible","No Disponible",37,9,9,1.611.339
"Universidad Estatal","Pedagogía en Educación Diferencial","UNIVERSIDAD METROPOLITANA DE CIENCIAS DE LA EDUCACIÓN","Educación","93,5%","93,8%","RM. Región Metropolitana",103,485,"30,9%","64,0%","5,1%","> 80% a 100%",593,6,"86,20%","79,80%",45,10,"12,4",1.675.000
"Universidad Particular con Aporte del Estado","Pedagogía en Educación Física","PONTIFICIA UNIVERSIDAD CATÓLICA DE VALPARAÍSO","Educación","75,3%","84,0%","V. Valparaíso",73,356,"20,8%","55,0%","24,2%","> 80% a 100%",589,6,"84,50%","81,90%",58,9,"12,7",1.747.000
"Universidad Privada","Pedagogía en Educación Física","UNIVERSIDAD CATÓLICA SILVA HENRÍQUEZ","Educación","82,4%","83,9%","RM. Región Metropolitana",144,752,"15,1%","76,6%","8,3%","> 60% a 80%",514,"5,5","82,40%","65,50%",128,10,"11,4",2.282.720
"Universidad Particular con Aporte del Estado","Pedagogía en Educación Física","UNIVERSIDAD DE CONCEPCIÓN","Educación","67,5%","82,4%","VIII. Bío Bío",83,411,"52,3%","42,0%","5,7%","> 80% a 100%",566,"6,1","91,90%","86,50%",66,10,"12,7",1.511.000
"Universidad Estatal","Pedagogía en Educación Física","UNIVERSIDAD DE LA FRONTERA","Educación","81,7%","100,0%","IX. La Araucanía",68,289,"43,6%","56,0%","0,4%","> 80% a 100%",553,"5,9","88,90%","85,80%",65,10,"11,9",1.362.667
"Universidad Estatal","Pedagogía en Educación Física","UNIVERSIDAD DE LOS LAGOS","Educación","86,0%","87,0%","X. Los Lagos",85,463,"55,8%","41,6%","2,6%","> 60% a 80%",506,"5,5","82,80%","73,20%",22,9,12,1.331.000
"Universidad Estatal","Pedagogía en Educación Física","UNIVERSIDAD DE PLAYA ANCHA DE CIENCIAS DE LA EDUCACIÓN","Educación","81,3%","84,7%","V. Valparaíso",119,450,"24,8%","70,1%","5,1%","> 80% a 100%",565,"5,7","94,30%","87,40%",72,10,"11,9",1.536.000
"Universidad Estatal","Pedagogía en Educación Física","UNIVERSIDAD DE TARAPACÁ","Educación","80,7%","85,7%","XV. Arica y Parinacota",56,288,"57,3%","41,9%","0,8%","> 80% a 100%",510,"5,6","81,10%","62,20%",62,10,"11,8",1.597.000
"Universidad Estatal","Pedagogía en Educación Física","UNIVERSIDAD METROPOLITANA DE CIENCIAS DE LA EDUCACIÓN","Educación","82,9%","87,6%","RM. Región Metropolitana",104,529,"27,2%","58,6%","14,2%","> 80% a 100%",600,"6,1","87,80%","81,20%",93,10,"12,1",1.675.000
"Universidad Privada","Pedagogía en Educación Física","UNIVERSIDAD NACIONAL ANDRÉS BELLO","Educación","72,7%","85,7%","RM. Región Metropolitana",522,1.739,"17,8%","55,2%","27,0%","> 60% a 80%",504,"5,4","78,00%","63,90%",323,8,"10,4",2.687.413
"Universidad Particular con Aporte del Estado","Periodismo","PONTIFICIA UNIVERSIDAD CATÓLICA DE CHILE","Humanidades","83,9%","93,3%","RM. Región Metropolitana",120,677,"7,3%","20,3%","72,4%","> 80% a 100%",679,"6,4","96,70%","92,50%",107,9,"11,9",3.703.000
"Universidad Particular con Aporte del Estado","Periodismo","PONTIFICIA UNIVERSIDAD CATÓLICA DE VALPARAÍSO","Humanidades","87,3%","82,2%","V. Valparaíso",55,241,"13,8%","47,8%","38,4%","> 80% a 100%",609,"6,1","No Disponible","No Disponible",23,10,"14,2",2.612.000
"Universidad Particular con Aporte del Estado","Periodismo","UNIVERSIDAD AUSTRAL DE CHILE","Humanidades","81,6%","88,9%","XIV. Los Ríos",53,220,"47,0%","46,4%","6,6%","> 80% a 100%",534,"5,5","No Disponible","No Disponible",45,10,"15,4",2.310.000
"Universidad Particular con Aporte del Estado","Periodismo","UNIVERSIDAD CATÓLICA DE LA SANTÍSIMA CONCEPCIÓN","Humanidades","62,8%","83,7%","VIII. Bío Bío",56,270,"35,6%","55,2%","9,2%","> 80% a 100%",535,"5,7","83,40%","68,40%",81,11,"15,2",2.115.000
"Universidad Particular con Aporte del Estado","Periodismo","UNIVERSIDAD CATÓLICA DEL NORTE","Humanidades","66,7%","73,8%","II. Antofagasta",49,218,"28,7%","59,0%","12,3%","> 80% a 100%",534,"5,6","66,70%","55,60%",33,10,"12,3",2.431.675
"Universidad Privada","Periodismo","UNIVERSIDAD DE ARTE Y CIENCIAS SOCIALES ARCIS","Humanidades","73,5%","76,3%","RM. Región Metropolitana","s/i",79,"40,0%","60,0%","0,0%","s/i","s/i","s/i","No Disponible","No Disponible",53,12,18,2.018.000
"Universidad Privada","Periodismo","UNIVERSIDAD DE ARTES, CIENCIAS Y COMUNICACIÓN - UNIACC","Humanidades","77,9%","97,0%","RM. Región Metropolitana",37,196,"11,5%","45,8%","42,7%","> 60% a 80%",535,"5,5","No Disponible","No Disponible",62,10,"13,8",5.330.000
"Universidad Estatal","Periodismo","UNIVERSIDAD DE CHILE","Humanidades","84,0%","82,1%","RM. Región Metropolitana",81,411,"24,5%","41,6%","33,9%","> 80% a 100%",654,"6,2","87,50%","82,90%",67,10,"12,7",2.401.660
"Universidad Particular con Aporte del Estado","Periodismo","UNIVERSIDAD DE CONCEPCIÓN","Humanidades","76,5%","75,9%","VIII. Bío Bío",45,234,"31,9%","49,1%","19,0%","> 80% a 100%",595,"5,9","92,90%","82,20%",43,10,"12,8",2.274.200
"Universidad Estatal","Periodismo","UNIVERSIDAD DE LA FRONTERA","Humanidades","65,1%","84,6%","IX. La Araucanía",25,128,"32,7%","63,6%","3,7%","> 80% a 100%",543,"5,6","No Disponible","No Disponible",55,10,"13,7",1.991.000
"Universidad Privada","Periodismo","UNIVERSIDAD DE LOS ANDES","Humanidades","80,4%","91,4%","RM. Región Metropolitana",38,197,"2,2%","7,9%","89,9%","> 60% a 80%",616,"5,9","85,80%","59,00%",27,12,"12,6",4.028.064
"Universidad Estatal","Periodismo","UNIVERSIDAD DE PLAYA ANCHA DE CIENCIAS DE LA EDUCACIÓN","Humanidades","67,3%","81,8%","V. Valparaíso",43,182,"25,8%","63,9%","10,3%","> 80% a 100%",568,"5,5","No Disponible","No Disponible",34,10,"13,3",2.077.000
"Universidad Privada","Periodismo","UNIVERSIDAD DE VIÑA DEL MAR","Humanidades","61,7%","80,8%","V. Valparaíso",23,132,"6,4%","37,6%","56,0%","> 60% a 80%",515,"5,5","No Disponible","No Disponible",31,10,"13,9",2.940.000
"Universidad Privada","Periodismo","UNIVERSIDAD DEL DESARROLLO","Humanidades","81,6%","84,5%","RM. Región Metropolitana",69,334,"3,7%","14,3%","82,1%","> 80% a 100%",573,"5,6","82,50%","65,00%",69,10,"13,6",3.598.500
"Universidad Privada","Periodismo","UNIVERSIDAD DIEGO PORTALES","Humanidades","78,1%","84,8%","RM. Región Metropolitana",105,596,"6,0%","22,8%","71,2%","> 80% a 100%",596,"5,7","92,50%","70,80%",103,10,"12,3",3.700.000
"Universidad Privada","Periodismo","UNIVERSIDAD NACIONAL ANDRÉS BELLO","Humanidades","61,1%","69,4%","RM. Región Metropolitana",40,342,"14,3%","60,4%","25,3%","> 40% a 60%",516,"5,6","75,90%","69,40%",108,10,"13,7",3.685.000
"Universidad Privada","Periodismo","UNIVERSIDAD SAN SEBASTIÁN","Humanidades","s/i","s/i","VIII. Bío Bío","s/i",57,"26,1%","52,2%","21,7%","s/i","s/i","s/i","No Disponible","No Disponible",24,10,"13,4",2.352.800
"Universidad Particular con Aporte del Estado","Psicología","PONTIFICIA UNIVERSIDAD CATÓLICA DE CHILE","Ciencias Sociales","85,7%","89,7%","RM. Región Metropolitana",126,853,"5,2%","12,5%","82,3%","> 60% a 80%",724,"6,5","99,10%","96,30%",114,10,12,3.803.000
"Universidad Particular con Aporte del Estado","Psicología","PONTIFICIA UNIVERSIDAD CATÓLICA DE VALPARAÍSO","Ciencias Sociales","87,6%","89,8%","V. Valparaíso",60,297,"11,8%","45,8%","42,4%","> 80% a 100%",666,"6,3","No Disponible","No Disponible",44,11,"17,2",3.076.000
"Universidad Privada","Psicología","UNIVERSIDAD ACADEMIA DE HUMANISMO CRISTIANO","Ciencias Sociales","82,0%","88,4%","RM. Región Metropolitana",106,374,"31,3%","57,9%","10,7%","> 60% a 80%",544,"5,6","64,80%","64,80%",49,12,"17,2",2.270.000
"Universidad Particular con Aporte del Estado","Psicología","UNIVERSIDAD CATÓLICA DEL NORTE","Ciencias Sociales","81,5%","91,9%","II. Antofagasta",89,418,"27,9%","52,1%","20,0%","> 80% a 100%",583,6,"83,20%","78,70%",45,10,"12,9",2.431.675
"Universidad Privada","Psicología","UNIVERSIDAD CENTRAL DE CHILE","Ciencias Sociales","83,5%","92,9%","RM. Región Metropolitana",217,890,"16,3%","55,3%","28,4%","> 80% a 100%",554,"5,6","82,00%","64,00%",114,10,"13,8",2.460.000
"Universidad Privada","Psicología","UNIVERSIDAD DE ARTE Y CIENCIAS SOCIALES ARCIS","Ciencias Sociales","88,3%","82,7%","RM. Región Metropolitana",83,542,"29,1%","62,7%","8,2%","> 20% a 40%",485,"5,4","65,60%","47,10%",110,10,"16,4",1.929.000
"Universidad Estatal","Psicología","UNIVERSIDAD DE CHILE","Ciencias Sociales","85,6%","78,5%","RM. Región Metropolitana",90,443,"30,7%","33,5%","35,8%","> 80% a 100%",683,"6,5","96,40%","91,00%",56,12,"16,8",2.315.660
"Universidad Privada","Psicología","UNIVERSIDAD DE CIENCIAS DE LA INFORMÁTICA","Ciencias Sociales","73,2%","91,8%","RM. Región Metropolitana",42,264,"21,2%","75,3%","3,4%","> 40% a 60%",453,"5,3","No Disponible","No Disponible",71,11,"12,9",1.738.000
"Universidad Particular con Aporte del Estado","Psicología","UNIVERSIDAD DE CONCEPCIÓN","Ciencias Sociales","93,1%","96,6%","VIII. Bío Bío",72,370,"26,6%","49,7%","23,7%","> 80% a 100%",652,"6,3","93,90%","90,80%",41,11,"12,5",2.373.800
"Universidad Estatal","Psicología","UNIVERSIDAD DE LA FRONTERA","Ciencias Sociales","89,6%","94,9%","IX. La Araucanía",64,268,"32,6%","58,2%","9,2%","> 80% a 100%",618,"6,1","91,40%","88,00%",80,10,"12,1",2.105.000
"Universidad Estatal","Psicología","UNIVERSIDAD DE LA SERENA","Ciencias Sociales","94,1%","77,3%","IV. Coquimbo",42,207,"24,6%","68,6%","6,8%","> 80% a 100%",594,"6,1","86,80%","77,40%",51,10,"12,2",2.237.520
"Universidad Privada","Psicología","UNIVERSIDAD DE LAS AMÉRICAS","Ciencias Sociales","66,8%","93,0%","RM. Región Metropolitana",455,1.748,"32,9%","59,9%","7,2%","> 40% a 60%",497,"5,5","69,70%","49,70%",344,11,"12,8",2.449.363
"Universidad Privada","Psicología","UNIVERSIDAD DE LOS ANDES","Ciencias Sociales","80,5%","96,6%","RM. Región Metropolitana",53,365,"1,9%","1,9%","96,3%","> 60% a 80%",659,"6,3","86,70%","85,00%",46,14,"14,1",4.112.134
"Universidad Estatal","Psicología","UNIVERSIDAD DE SANTIAGO DE CHILE","Ciencias Sociales","74,8%","92,9%","RM. Región Metropolitana",69,419,"30,5%","55,7%","13,8%","> 80% a 100%",661,"6,2","89,80%","80,90%",88,11,"13,7",2.356.700
"Universidad Estatal","Psicología","UNIVERSIDAD DE TARAPACÁ","Ciencias Sociales","86,6%","90,0%","XV. Arica y Parinacota",126,634,"35,5%","59,4%","5,1%","> 80% a 100%",548,"5,9","76,30%","54,10%",74,11,"14,1",2.027.000
"Universidad Estatal","Psicología","UNIVERSIDAD DE VALPARAÍSO","Ciencias Sociales","86,4%","89,8%","V. Valparaíso",85,475,"19,4%","59,1%","21,5%","> 80% a 100%",617,"6,3","81,90%","74,80%",53,10,"12,9",2.303.000
"Universidad Privada","Psicología","UNIVERSIDAD DE VIÑA DEL MAR","Ciencias Sociales","82,4%","97,0%","V. Valparaíso",92,305,"16,7%","62,0%","21,3%","> 60% a 80%",510,"5,5","84,70%","81,60%",43,10,"13,3",2.940.000
"Universidad Privada","Psicología","UNIVERSIDAD DEL DESARROLLO","Ciencias Sociales","88,1%","91,6%","VIII. Bío Bío",135,794,"5,0%","22,1%","72,9%","> 80% a 100%",604,"5,9","86,10%","76,00%",130,11,"15,7",3.883.000
"Universidad Privada","Psicología","UNIVERSIDAD DIEGO PORTALES","Ciencias Sociales","77,7%","88,2%","RM. Región Metropolitana",184,881,"7,9%","16,1%","76,0%","> 80% a 100%",642,6,"88,90%","71,50%",201,10,"13,1",3.800.000
"Universidad Privada","Psicología","UNIVERSIDAD NACIONAL ANDRÉS BELLO","Ciencias Sociales","69,5%","92,5%","RM. Región Metropolitana",279,1.190,"11,2%","43,0%","45,8%","> 60% a 80%",566,"5,6","80,90%","66,60%",104,12,"14,3",3.345.983
"Universidad Privada","Psicología","UNIVERSIDAD SAN SEBASTIÁN","Ciencias Sociales","86,7%","95,5%","VIII. Bío Bío",238,870,"40,7%","47,2%","12,2%","> 80% a 100%",541,"5,7","79,40%","69,10%",136,10,"12,5",2.823.375
"Universidad Privada","Psicología","UNIVERSIDAD SANTO TOMÁS","Ciencias Sociales","65,3%","82,5%","RM. Región Metropolitana",775,2.998,"37,8%","57,2%","5,0%","> 60% a 80%",527,"5,5","82,40%","68,70%",243,10,"10,1",2.097.444
"Universidad Privada","Publicidad","UNIVERSIDAD DE LAS AMÉRICAS","Ciencias Sociales","58,5%","62,7%","RM. Región Metropolitana",37,149,"20,4%","69,4%","10,2%","> 40% a 60%",494,"5,3","No Disponible","No Disponible",42,8,"12,5",2.259.140
"Universidad Estatal","Publicidad","UNIVERSIDAD DE SANTIAGO DE CHILE","Ciencias Sociales","55,0%","68,3%","RM. Región Metropolitana",62,294,"31,1%","57,9%","11,0%","> 80% a 100%",628,6,"91,60%","81,40%",56,9,"11,1",2.575.200
"Universidad Privada","Publicidad","UNIVERSIDAD DEL PACÍFICO","Ciencias Sociales","69,3%","75,0%","RM. Región Metropolitana",166,847,"6,1%","23,6%","70,2%","> 60% a 80%",544,"5,6","78,80%","68,90%",54,9,"11,4",3.705.000
"Universidad Privada","Publicidad","UNIVERSIDAD DIEGO PORTALES","Ciencias Sociales","67,0%","66,0%","RM. Región Metropolitana",79,474,"12,0%","43,2%","44,8%","> 80% a 100%",559,"5,7","82,10%","73,60%",64,9,"11,4",3.500.000
"Universidad Particular con Aporte del Estado","Química y Farmacia","PONTIFICIA UNIVERSIDAD CATÓLICA DE CHILE","Ciencias Básicas","97,0%","100,0%","RM. Región Metropolitana",96,542,"35,3%","42,8%","21,9%","> 60% a 80%",672,"6,3","92,50%","81,10%",56,10,"15,8",2.963.000
"Universidad Particular con Aporte del Estado","Química y Farmacia","UNIVERSIDAD AUSTRAL DE CHILE","Ciencias Básicas","98,9%","97,5%","XIV. Los Ríos",55,445,"43,6%","51,5%","4,9%","> 80% a 100%",599,"6,2","91,90%","85,30%",35,10,"18,7",2.600.000
"Universidad Estatal","Química y Farmacia","UNIVERSIDAD DE CHILE","Ciencias Básicas","93,6%","95,7%","RM. Región Metropolitana",140,796,"39,0%","46,2%","14,8%","> 80% a 100%",669,"6,2","89,40%","83,30%",93,12,16,2.785.660
"Universidad Particular con Aporte del Estado","Química y Farmacia","UNIVERSIDAD DE CONCEPCIÓN","Ciencias Básicas","96,3%","100,0%","VIII. Bío Bío",89,578,"43,3%","48,1%","8,7%","> 80% a 100%",623,"6,3","87,40%","84,00%",52,11,"16,2",2.572.000
"Universidad Estatal","Química y Farmacia","UNIVERSIDAD DE VALPARAÍSO","Ciencias Básicas","96,8%","100,0%","V. Valparaíso",48,402,"19,7%","65,4%","14,9%","> 80% a 100%",630,"6,3","94,20%","85,30%",36,11,"17,7",2.693.000
"Centro de Formación Técnica","Técnico en Enfermería","CFT DE ENAC","Salud","86,7%","89,6%","RM. Región Metropolitana",728,1.804,"37,7%","61,9%","0,4%","> 20% a 40%",416,"5,4","64,20%","58,60%",437,6,"6,9",821.000
"Centro de Formación Técnica","Técnico en Enfermería","CFT INACAP","Salud","73,4%","79,9%","RM. Región Metropolitana",1.758,3.641,"54,1%","45,2%","0,7%","> 40% a 60%",439,"5,6","No Disponible","No Disponible",714,4,"6,3",1.386.170
"Centro de Formación Técnica","Técnico en Enfermería","CFT SANTO TOMÁS","Salud","74,2%","79,4%","RM. Región Metropolitana",3.732,9.869,"55,1%","44,4%","0,5%","> 20% a 40%",429,"5,5","No Disponible","No Disponible",1.785,5,"5,8",1.139.512
"Centro de Formación Técnica","Técnico en Gastronomía y Cocina","CFT DIEGO PORTALES","Administración y Comercio","58,8%","61,7%","RM. Región Metropolitana",411,1.017,"38,1%","60,0%","1,9%","> 20% a 40%",404,"5,3","No Disponible","No Disponible",136,5,"9,4",913.362
"Centro de Formación Técnica","Técnico en Gastronomía y Cocina","CFT INACAP","Administración y Comercio","45,0%","48,0%","VIII. Bío Bío",1.974,3.779,"43,4%","50,2%","6,4%","> 40% a 60%",448,"5,5","No Disponible","No Disponible",412,4,"7,4",1.666.218
"Centro de Formación Técnica","Técnico en Gastronomía y Cocina","CFT SANTO TOMÁS","Administración y Comercio","36,2%","44,4%","RM. Región Metropolitana",687,1.829,"53,4%","44,4%","2,2%","> 20% a 40%",423,"5,4","No Disponible","No Disponible",272,5,"5,7",1.185.200
"Universidad Particular con Aporte del Estado","Tecnología Médica","UNIVERSIDAD AUSTRAL DE CHILE","Salud","92,5%","88,9%","XIV. Los Ríos",124,559,"46,2%","49,7%","4,0%","> 80% a 100%",611,"6,2","78,70%","73,60%",37,10,"14,4",2.600.000
"Universidad Estatal","Tecnología Médica","UNIVERSIDAD DE ANTOFAGASTA","Salud","87,3%","90,5%","II. Antofagasta",54,257,"45,6%","46,1%","8,3%","> 80% a 100%",587,"6,2","No Disponible","No Disponible",17,10,"14,2",2.623.000
"Universidad Estatal","Tecnología Médica","UNIVERSIDAD DE CHILE","Salud","98,9%","100,0%","RM. Región Metropolitana",103,393,"44,7%","43,1%","12,2%","> 80% a 100%",696,"6,4","73,30%","66,30%",34,10,"11,5",2.959.660
"Universidad Estatal","Tecnología Médica","UNIVERSIDAD DE LA FRONTERA","Salud","88,6%","83,3%","IX. La Araucanía",66,219,"41,2%","56,3%","2,5%","> 80% a 100%",645,"6,4","No Disponible","No Disponible",26,10,"11,9",2.238.000
"Universidad Estatal","Tecnología Médica","UNIVERSIDAD DE TALCA","Salud","95,1%","92,6%","VII. Maule",49,330,"48,4%","47,4%","4,2%","> 80% a 100%",636,"6,5","90,20%","78,70%",37,10,14,2.398.600
"Universidad Estatal","Tecnología Médica","UNIVERSIDAD DE TARAPACÁ","Salud","97,7%","97,2%","XV. Arica y Parinacota",83,474,"47,5%","48,2%","4,3%","> 80% a 100%",606,"6,4","92,00%","87,40%",29,10,"12,9",2.007.000
"Universidad Privada","Tecnología Médica","UNIVERSIDAD NACIONAL ANDRÉS BELLO","Salud","86,8%","90,5%","RM. Región Metropolitana",329,1.406,"26,2%","61,2%","12,5%","> 80% a 100%",587,"5,8","81,00%","67,00%",102,10,"14,1",3.114.767
"Universidad Privada","Tecnología Médica","UNIVERSIDAD SAN SEBASTIÁN","Salud","89,2%","95,3%","VIII. Bío Bío",312,950,"34,9%","56,9%","8,3%","> 80% a 100%",571,"5,7","83,50%","66,60%",50,10,14,2.976.325
"Instituto Profesional","Trabajo Social","IP DIEGO PORTALES","Ciencias Sociales","59,1%","77,7%","VIII. Bío Bío",122,374,"60,4%","38,3%","1,3%","> 20% a 40%",414,"5,4","44,70%","33,40%",103,8,"11,4",780.846
"Instituto Profesional","Trabajo Social","IP INACAP","Ciencias Sociales","76,4%","87,0%","V. Valparaíso",341,1.317,"56,5%","42,9%","0,6%","> 40% a 60%",431,"5,7","71,50%","62,10%",186,8,"16,9",1.453.681
"Instituto Profesional","Trabajo Social","IP LA ARAUCANA","Ciencias Sociales","79,0%","84,4%","RM. Región Metropolitana",938,1.681,"53,3%","46,5%","0,2%","s/i",420,"5,4","66,80%","55,10%",88,7,"12,7",906.794
"Instituto Profesional","Trabajo Social","IP SANTO TOMÁS","Ciencias Sociales","45,3%","84,2%","RM. Región Metropolitana",545,1.275,"56,7%","43,0%","0,3%","> 40% a 60%",432,"5,5","73,90%","65,20%",61,8,9,1.093.600
"Universidad Particular con Aporte del Estado","Trabajo Social","PONTIFICIA UNIVERSIDAD CATÓLICA DE CHILE","Ciencias Sociales","88,3%","100,0%","RM. Región Metropolitana",52,211,"22,0%","49,8%","28,3%","> 80% a 100%",643,"6,2","No Disponible","No Disponible",30,9,"11,2",2.963.000
"Universidad Particular con Aporte del Estado","Trabajo Social","UNIVERSIDAD CATÓLICA DE TEMUCO","Ciencias Sociales","79,3%","92,7%","IX. La Araucanía",72,344,"47,1%","51,9%","1,0%","> 80% a 100%",516,"5,6","96,00%","91,90%",35,10,"12,8",1.780.000
"Universidad Particular con Aporte del Estado","Trabajo Social","UNIVERSIDAD CATÓLICA DEL MAULE","Ciencias Sociales","91,2%","93,4%","VII. Maule",48,243,"52,4%","45,4%","2,2%","> 80% a 100%",557,"6,1","94,40%","88,70%",35,11,"12,1",1.913.000
"Universidad Privada","Trabajo Social","UNIVERSIDAD CATÓLICA SILVA HENRÍQUEZ","Ciencias Sociales","84,8%","90,7%","RM. Región Metropolitana",61,380,"18,1%","75,3%","6,6%","> 60% a 80%",516,"5,5","86,40%","71,20%",73,9,"10,6",2.131.250
"Universidad Estatal","Trabajo Social","UNIVERSIDAD DE ANTOFAGASTA","Ciencias Sociales","94,6%","89,1%","II. Antofagasta",46,205,"49,5%","42,7%","7,8%","> 80% a 100%",524,"5,8","76,50%","64,80%",36,10,"12,1",1.938.000
"Universidad Privada","Trabajo Social","UNIVERSIDAD DE ARTE Y CIENCIAS SOCIALES ARCIS","Ciencias Sociales","86,3%","87,2%","RM. Región Metropolitana",59,178,"29,2%","68,8%","2,1%","> 20% a 40%",437,"5,3","No Disponible","No Disponible",41,10,16,1.671.000
"Universidad Particular con Aporte del Estado","Trabajo Social","UNIVERSIDAD DE CONCEPCIÓN","Ciencias Sociales","83,3%","88,7%","VIII. Bío Bío",73,422,"44,2%","49,6%","6,2%","> 80% a 100%",582,6,"100,00%","91,20%",59,10,"13,1",1.685.650
"Universidad Estatal","Trabajo Social","UNIVERSIDAD DE LA FRONTERA","Ciencias Sociales","90,4%","89,2%","IX. La Araucanía",49,199,"54,5%","42,7%","2,8%","> 80% a 100%",557,"5,9","No Disponible","No Disponible",33,10,"12,3",1.641.000
"Universidad Estatal","Trabajo Social","UNIVERSIDAD DE LOS LAGOS","Ciencias Sociales","77,2%","100,0%","X. Los Lagos",36,160,"68,5%","31,5%","0,0%","> 80% a 100%",508,"5,5","No Disponible","No Disponible",46,10,"12,2",1.253.000
"Universidad Estatal","Trabajo Social","UNIVERSIDAD DE MAGALLANES","Ciencias Sociales","70,5%","82,1%","XII. Magallanes",19,70,"33,3%","59,6%","7,0%","> 60% a 80%",479,"5,8","No Disponible","No Disponible",16,10,"13,3",2.090.000
"Universidad Estatal","Trabajo Social","UNIVERSIDAD DE VALPARAÍSO","Ciencias Sociales","88,1%","97,5%","V. Valparaíso",87,587,"29,1%","63,0%","7,9%","> 80% a 100%",576,"5,9","88,20%","82,80%",75,10,"13,2",1.718.000
"Universidad Estatal","Trabajo Social","UNIVERSIDAD DEL BÍO-BÍO","Ciencias Sociales","86,3%","100,0%","VIII. Bío Bío",92,435,"48,9%","50,1%","1,0%","> 80% a 100%",538,6,"89,40%","86,20%",76,10,"10,4",1.819.000
"Universidad Privada","Trabajo Social","UNIVERSIDAD SAN SEBASTIÁN","Ciencias Sociales","57,4%","81,7%","VIII. Bío Bío",62,319,"52,8%","43,7%","3,5%","> 80% a 100%",514,"5,5","77,20%","72,90%",78,10,"11,9",2.020.700
"Universidad Privada","Trabajo Social","UNIVERSIDAD SANTO TOMÁS","Ciencias Sociales","50,0%","79,3%","VIII. Bío Bío",432,1.474,"43,0%","55,0%","2,0%","> 60% a 80%",506,"5,6","84,10%","68,20%",95,9,"9,7",1.483.769
"Universidad Estatal","Trabajo Social","UNIVERSIDAD TECNOLÓGICA METROPOLITANA","Ciencias Sociales","90,4%","93,3%","RM. Región Metropolitana",69,265,"31,3%","64,4%","4,3%","> 80% a 100%",569,"5,9","No Disponible","No Disponible",64,10,"11,6",1.953.380
